,beds,baths,size,zip_code,price
0,3,2.5,2590.0,98144,3.861003861003861
1,4,2.0,2240.0,98106,4.464285714285714
2,4,3.0,2040.0,98107,4.901960784313726
3,4,3.0,3800.0,98199,2.6315789473684212
4,2,2.0,1042.0,98102,9.596928982725528
5,2,2.0,1190.0,98107,8.403361344537815
6,1,1.0,670.0,98133,14.925373134328359
7,5,3.5,4510.0,98105,2.2172949002217295
8,3,2.5,1520.0,98108,6.578947368421052
9,4,2.0,2340.0,98178,4.273504273504273
10,3,2.0,1320.0,98103,7.575757575757576
11,3,2.0,1800.0,98177,5.555555555555555
12,3,2.5,2490.0,98103,4.016064257028113
13,4,3.0,2650.0,98115,3.7735849056603774
14,5,1.5,2560.0,98199,3.90625
15,2,1.5,900.0,98133,11.11111111111111
16,3,3.5,1360.0,98103,7.352941176470588
17,1,1.0,550.0,98122,18.181818181818183
18,3,2.5,2974.0,98119,3.3624747814391394
19,4,3.5,1989.0,98117,5.027652086475616
20,2,2.0,1332.0,98199,7.5075075075075075
21,4,3.0,2668.0,98116,3.7481259370314843
22,2,1.0,770.0,98133,12.987012987012987
23,3,1.5,1280.0,98146,7.8125
24,5,3.5,3200.0,98133,3.125
25,2,1.5,889.0,98103,11.24859392575928
26,1,1.0,508.0,98109,19.68503937007874
27,3,2.0,3140.0,98117,3.1847133757961785
28,4,2.0,2000.0,98125,5.0
29,1,1.0,792.0,98101,12.626262626262626
30,3,2.5,1690.0,98108,5.9171597633136095
31,4,5.5,3000.0,98126,3.3333333333333335
32,3,3.0,1550.0,98115,6.451612903225806
33,2,2.0,871.0,98119,11.481056257175661
34,4,1.5,1940.0,98118,5.154639175257732
35,1,1.0,474.0,98101,21.09704641350211
36,3,2.0,1770.0,98146,5.649717514124294
37,5,5.0,2510.0,98133,3.9840637450199203
38,1,1.0,750.0,98199,13.333333333333334
39,1,1.0,573.0,98102,17.452006980802793
40,3,2.5,1500.0,98103,6.666666666666667
41,5,4.0,2920.0,98133,3.4246575342465753
42,3,2.0,2817.0,98103,3.549875754348598
43,1,1.0,617.0,98109,16.207455429497568
44,2,2.0,1280.0,98112,7.8125
45,2,2.0,1523.0,98121,6.5659881812212735
46,2,1.0,1240.0,98126,8.064516129032258
47,4,2.5,2280.0,98106,4.385964912280702
48,5,3.5,3590.0,98136,2.785515320334262
49,4,3.5,2478.0,98115,4.035512510088782
50,3,3.0,2360.0,98117,4.237288135593221
51,2,1.0,720.0,98177,13.88888888888889
52,3,2.0,2480.0,98126,4.032258064516129
53,3,2.0,1550.0,98199,6.451612903225806
54,2,1.0,780.0,98103,12.820512820512821
55,5,3.0,2820.0,98136,3.5460992907801416
56,5,3.0,2900.0,98112,3.4482758620689653
57,2,2.0,1092.0,98122,9.157509157509157
58,3,2.0,1731.0,98125,5.7770075101097635
59,3,2.5,1500.0,98105,6.666666666666667
60,2,2.5,1344.0,98122,7.440476190476191
61,4,5.5,4040.0,98105,2.4752475247524752
62,5,3.0,2320.0,98168,4.310344827586207
63,5,3.0,2820.0,98136,3.5460992907801416
64,3,1.0,1070.0,98117,9.345794392523365
65,2,1.0,1113.0,98102,8.984725965858042
66,4,2.0,2100.0,98117,4.761904761904762
67,3,2.5,2620.0,98119,3.816793893129771
68,3,2.0,1270.0,98103,7.874015748031496
69,3,2.0,2702.0,98103,3.7009622501850483
70,4,3.5,2031.0,98117,4.923682914820286
71,3,2.0,2350.0,98178,4.25531914893617
72,4,1.5,2640.0,98115,3.787878787878788
73,3,1.5,1340.0,98106,7.462686567164179
74,6,3.5,8660.0,98102,1.1547344110854503
75,2,2.5,1365.0,98118,7.326007326007326
76,1,1.0,635.0,98104,15.748031496062993
77,3,1.0,1800.0,98168,5.555555555555555
78,2,1.0,870.0,98118,11.494252873563218
79,3,3.5,1510.0,98103,6.622516556291391
80,3,1.0,1120.0,98106,8.928571428571429
81,4,2.5,2580.0,98146,3.875968992248062
82,2,2.0,875.0,98115,11.428571428571429
83,3,4.0,2220.0,98109,4.504504504504505
84,1,1.0,607.0,98119,16.474464579901152
85,3,2.0,1496.0,98144,6.684491978609626
86,4,3.5,2670.0,98118,3.745318352059925
87,2,1.5,1810.0,98115,5.524861878453039
88,1,1.0,582.0,98109,17.18213058419244
89,2,2.0,1006.0,98121,9.940357852882704
90,3,5.5,1530.0,98103,6.5359477124183005
91,2,1.0,820.0,98118,12.195121951219512
92,3,2.0,1960.0,98105,5.1020408163265305
93,4,3.0,2110.0,98133,4.739336492890995
94,4,3.5,3010.0,98106,3.3222591362126246
95,3,1.0,2200.0,98105,4.545454545454546
96,3,2.5,1820.0,98118,5.4945054945054945
97,4,4.0,3040.0,98119,3.289473684210526
98,3,2.0,1800.0,98118,5.555555555555555
99,1,1.0,800.0,98122,12.5
100,3,3.0,1450.0,98117,6.896551724137931
101,1,1.0,756.0,98121,13.227513227513228
102,1,1.0,742.0,98126,13.477088948787062
103,4,2.0,2400.0,98119,4.166666666666667
104,2,2.0,1607.0,98101,6.222775357809583
105,4,3.5,3057.0,98117,3.271180896303566
106,1,1.0,649.0,98105,15.408320493066256
107,4,4.0,3142.0,98119,3.1826861871419476
108,3,1.0,1050.0,98106,9.523809523809524
109,3,2.0,1720.0,98199,5.813953488372093
110,3,3.5,2650.0,98136,3.7735849056603774
111,2,1.5,2680.0,98102,3.7313432835820897
112,4,2.5,2550.0,98115,3.9215686274509802
113,9,4.0,3800.0,98116,2.6315789473684212
114,2,2.0,1320.0,98125,7.575757575757576
115,4,2.0,1910.0,98168,5.2356020942408374
116,2,1.0,773.0,98133,12.936610608020699
117,1,1.0,589.0,98121,16.97792869269949
118,1,1.0,510.0,98102,19.607843137254903
119,4,3.5,2661.0,98108,3.757985719654265
120,2,2.0,843.0,98103,11.862396204033216
121,4,3.0,2250.0,98115,4.444444444444445
122,4,1.5,2080.0,98116,4.8076923076923075
123,3,3.5,1370.0,98117,7.299270072992701
124,1,1.0,699.0,98115,14.30615164520744
125,2,3.0,1840.0,98125,5.434782608695652
126,4,3.5,3040.0,98177,3.289473684210526
127,2,1.0,858.0,98144,11.655011655011656
128,5,8.5,3110.0,98115,3.215434083601286
129,2,2.0,1147.0,98115,8.718395815170009
130,2,1.0,868.0,98144,11.52073732718894
131,2,2.5,1538.0,98105,6.501950585175552
132,2,1.0,1480.0,98126,6.756756756756757
133,2,2.0,932.0,98103,10.729613733905579
134,2,2.0,981.0,98133,10.193679918450561
135,2,2.0,866.0,98107,11.547344110854503
136,4,3.5,2000.0,98115,5.0
137,3,3.5,1470.0,98117,6.802721088435374
138,2,2.0,1840.0,98122,5.434782608695652
139,4,2.0,2230.0,98125,4.484304932735426
140,2,1.5,1290.0,98115,7.751937984496124
141,3,2.5,1670.0,98178,5.9880239520958085
142,1,1.0,630.0,98146,15.873015873015873
143,3,2.0,1880.0,98144,5.319148936170213
144,2,2.0,1188.0,98102,8.417508417508417
145,2,1.5,1300.0,98133,7.6923076923076925
146,1,1.0,857.0,98121,11.668611435239207
147,2,2.0,1071.0,98119,9.337068160597573
148,5,4.0,2810.0,98103,3.5587188612099645
149,4,2.5,2400.0,98109,4.166666666666667
150,3,3.5,1670.0,98178,5.9880239520958085
151,3,2.5,2734.0,98109,3.6576444769568397
152,3,2.5,1670.0,98117,5.9880239520958085
153,3,3.0,1530.0,98126,6.5359477124183005
154,4,1.0,1720.0,98122,5.813953488372093
155,3,1.0,1200.0,98105,8.333333333333334
156,5,3.0,2030.0,98144,4.926108374384237
157,3,2.0,2370.0,98126,4.219409282700422
158,3,1.5,1720.0,98117,5.813953488372093
159,1,1.0,813.0,98121,12.300123001230013
160,3,2.0,1590.0,98106,6.289308176100629
161,1,1.0,626.0,98122,15.97444089456869
162,2,1.0,840.0,98108,11.904761904761905
163,2,2.0,1030.0,98122,9.70873786407767
164,5,2.5,2870.0,98168,3.484320557491289
165,1,1.0,792.0,98121,12.626262626262626
166,2,1.5,994.0,98106,10.060362173038229
167,3,2.0,1630.0,98168,6.134969325153374
168,3,1.5,1172.0,98122,8.532423208191126
169,3,2.0,1806.0,98126,5.537098560354374
170,4,2.5,3060.0,98115,3.2679738562091503
171,5,3.5,3820.0,98118,2.6178010471204187
172,2,2.0,1328.0,98104,7.530120481927711
173,3,2.5,2350.0,98115,4.25531914893617
174,3,2.5,2080.0,98117,4.8076923076923075
175,3,1.0,1000.0,98118,10.0
176,2,1.5,1131.0,98144,8.841732979664014
177,4,3.0,2230.0,98178,4.484304932735426
178,5,3.0,3130.0,98122,3.194888178913738
179,5,3.0,3750.0,98107,2.6666666666666665
180,2,2.0,1080.0,98144,9.25925925925926
181,2,2.0,1720.0,98116,5.813953488372093
182,1,1.0,854.0,98107,11.7096018735363
183,3,2.0,1286.0,98136,7.776049766718507
184,2,1.5,1230.0,98122,8.130081300813009
185,2,1.0,1422.0,98117,7.032348804500703
186,4,3.5,3956.0,98125,2.5278058645096055
187,6,5.0,3620.0,98119,2.7624309392265194
188,3,1.5,1370.0,98178,7.299270072992701
189,1,1.0,700.0,98144,14.285714285714286
190,2,3.0,1824.0,98101,5.482456140350878
191,1,1.0,956.0,98104,10.460251046025105
192,4,2.0,2370.0,98115,4.219409282700422
193,4,2.5,2200.0,98106,4.545454545454546
194,6,3.0,3020.0,98178,3.3112582781456954
195,5,3.0,3400.0,98168,2.9411764705882355
196,3,1.0,1660.0,98115,6.024096385542169
197,4,2.0,2080.0,98178,4.8076923076923075
198,2,1.5,917.0,98103,10.905125408942203
199,2,1.0,900.0,98126,11.11111111111111
200,4,4.5,3960.0,98144,2.525252525252525
201,1,1.0,889.0,98121,11.24859392575928
202,5,3.5,3310.0,98115,3.0211480362537766
203,1,1.0,621.0,98133,16.10305958132045
204,3,3.5,1467.0,98144,6.81663258350375
205,4,2.0,1910.0,98106,5.2356020942408374
206,3,2.5,1563.0,98118,6.397952655150352
207,5,3.5,3340.0,98106,2.9940119760479043
208,4,3.0,2390.0,98119,4.184100418410042
209,2,1.5,1131.0,98144,8.841732979664014
210,2,2.0,1201.0,98103,8.32639467110741
211,3,3.0,1940.0,98199,5.154639175257732
212,1,1.0,519.0,98105,19.26782273603083
213,2,1.0,1760.0,98116,5.681818181818182
214,4,3.0,1680.0,98117,5.9523809523809526
215,2,2.0,1192.0,98103,8.389261744966444
216,4,4.0,2300.0,98105,4.3478260869565215
217,3,2.5,2304.0,98117,4.340277777777778
218,4,4.0,2650.0,98103,3.7735849056603774
219,5,4.0,4210.0,98105,2.375296912114014
220,4,3.0,2840.0,98177,3.5211267605633805
221,2,1.0,980.0,98107,10.204081632653061
222,4,4.5,2440.0,98105,4.098360655737705
223,2,2.0,1140.0,98117,8.771929824561404
224,4,3.5,1824.0,98103,5.482456140350878
225,2,2.0,1115.0,98121,8.968609865470851
226,4,3.0,2478.0,98105,4.035512510088782
227,2,2.0,1140.0,98133,8.771929824561404
228,3,1.5,1172.0,98122,8.532423208191126
229,2,2.0,1433.0,98136,6.978367062107467
230,3,2.0,1520.0,98117,6.578947368421052
231,3,2.5,1380.0,98106,7.246376811594203
232,15,6.0,11010.0,98112,0.9082652134423251
233,4,2.0,1750.0,98105,5.714285714285714
234,3,2.5,3590.0,98103,2.785515320334262
235,1,1.0,646.0,98133,15.479876160990711
236,5,3.0,2040.0,98118,4.901960784313726
237,2,2.0,1560.0,98115,6.410256410256411
238,2,2.5,1088.0,98107,9.191176470588236
239,2,1.0,1460.0,98115,6.8493150684931505
240,3,2.0,1380.0,98117,7.246376811594203
241,2,1.0,1000.0,98116,10.0
242,2,2.0,1128.0,98144,8.865248226950355
243,1,1.0,776.0,98116,12.88659793814433
244,3,2.5,2000.0,98106,5.0
245,3,2.0,2029.0,98115,4.928536224741252
246,4,5.5,2867.0,98115,3.487966515521451
247,4,3.0,1180.0,98117,8.474576271186441
248,3,2.0,1920.0,98199,5.208333333333333
249,2,2.0,2220.0,98126,4.504504504504505
250,2,3.0,1300.0,98107,7.6923076923076925
251,1,1.0,596.0,98109,16.778523489932887
252,3,2.0,1460.0,98106,6.8493150684931505
253,3,2.5,2500.0,98117,4.0
254,3,2.5,1540.0,98122,6.4935064935064934
255,5,3.0,2550.0,98106,3.9215686274509802
256,2,2.0,1018.0,98199,9.82318271119843
257,3,2.5,1520.0,98106,6.578947368421052
258,1,1.0,640.0,98104,15.625
259,4,3.0,2190.0,98126,4.566210045662101
260,2,1.0,930.0,98133,10.75268817204301
261,5,2.5,2900.0,98106,3.4482758620689653
262,4,3.5,2780.0,98112,3.597122302158273
263,3,1.0,2560.0,98125,3.90625
264,1,1.0,613.0,98122,16.31321370309951
265,3,2.5,1566.0,98122,6.385696040868455
266,2,2.0,1245.0,98168,8.032128514056225
267,3,2.5,1190.0,98144,8.403361344537815
268,5,2.5,2760.0,98126,3.6231884057971016
269,4,1.5,3260.0,98199,3.067484662576687
270,4,3.0,2380.0,98115,4.201680672268908
271,2,2.5,1884.0,98116,5.307855626326964
272,3,2.5,1712.0,98117,5.841121495327103
273,2,2.0,1196.0,98107,8.361204013377927
274,3,2.0,1098.0,98105,9.107468123861567
275,3,3.0,1250.0,98117,8.0
276,1,1.0,880.0,98122,11.363636363636363
277,2,1.5,822.0,98144,12.165450121654501
278,4,2.0,1595.0,98118,6.269592476489028
279,3,3.0,2380.0,98136,4.201680672268908
280,3,2.0,3190.0,98112,3.134796238244514
281,3,2.5,1465.0,98119,6.825938566552901
282,4,2.0,2910.0,98115,3.4364261168384878
283,2,3.0,1140.0,98144,8.771929824561404
284,1,1.0,500.0,98168,20.0
285,3,2.0,1580.0,98126,6.329113924050633
286,1,1.0,683.0,98121,14.641288433382138
287,5,3.0,2430.0,98133,4.11522633744856
288,2,2.0,1128.0,98136,8.865248226950355
289,2,2.0,2360.0,98199,4.237288135593221
290,3,2.5,1396.0,98136,7.163323782234957
291,1,1.0,615.0,98102,16.260162601626018
292,4,2.0,2340.0,98115,4.273504273504273
293,4,1.5,2140.0,98125,4.672897196261682
294,4,3.0,2980.0,98105,3.3557046979865772
295,3,1.5,1390.0,98168,7.194244604316546
296,2,1.0,720.0,98106,13.88888888888889
297,1,1.0,712.0,98133,14.044943820224718
298,4,2.5,1850.0,98108,5.405405405405405
299,3,4.5,1710.0,98126,5.847953216374269
300,2,1.0,970.0,98106,10.309278350515465
301,3,2.0,1606.0,98109,6.226650062266501
302,3,2.5,1815.0,98103,5.509641873278237
303,2,1.0,1120.0,98122,8.928571428571429
304,4,2.0,2220.0,98177,4.504504504504505
305,1,1.0,570.0,98116,17.54385964912281
306,3,2.0,1460.0,98117,6.8493150684931505
307,5,3.0,3820.0,98116,2.6178010471204187
308,3,3.5,2480.0,98119,4.032258064516129
309,5,3.0,2777.0,98125,3.6010082823190492
310,2,2.0,1170.0,98144,8.547008547008547
311,1,1.0,587.0,98125,17.035775127768314
312,3,1.0,1430.0,98103,6.993006993006993
313,2,5.5,1320.0,98144,7.575757575757576
314,2,2.0,2170.0,98116,4.608294930875576
315,1,1.0,635.0,98102,15.748031496062993
316,3,1.5,1630.0,98115,6.134969325153374
317,2,2.0,1900.0,98122,5.2631578947368425
318,3,2.0,1760.0,98106,5.681818181818182
319,3,2.5,1712.0,98107,5.841121495327103
320,4,2.5,3190.0,98102,3.134796238244514
321,4,3.5,3590.0,98109,2.785515320334262
322,1,1.0,630.0,98133,15.873015873015873
323,2,2.0,1150.0,98121,8.695652173913043
324,5,2.0,1830.0,98118,5.46448087431694
325,2,1.0,760.0,98144,13.157894736842104
326,3,2.5,2600.0,98117,3.8461538461538463
327,3,2.0,2130.0,98107,4.694835680751174
328,3,3.5,2899.0,98199,3.449465332873405
329,3,1.0,1090.0,98178,9.174311926605505
330,4,4.0,3360.0,98107,2.9761904761904763
331,4,2.5,2240.0,98117,4.464285714285714
332,2,1.0,886.0,98112,11.286681715575622
333,3,2.0,1560.0,98106,6.410256410256411
334,4,2.0,1730.0,98146,5.780346820809249
335,3,2.0,1700.0,98115,5.882352941176471
336,4,3.5,1909.0,98103,5.238344683080147
337,3,2.0,2180.0,98117,4.587155963302752
338,1,1.0,681.0,98105,14.684287812041116
339,3,3.0,1460.0,98144,6.8493150684931505
340,1,1.0,704.0,98119,14.204545454545455
341,2,1.0,1010.0,98125,9.900990099009901
342,2,2.5,1635.0,98102,6.116207951070336
343,2,1.5,1022.0,98144,9.784735812133073
344,3,1.0,990.0,98146,10.1010101010101
345,2,2.0,1164.0,98117,8.59106529209622
346,1,1.0,583.0,98119,17.152658662092623
347,2,1.5,888.0,98103,11.26126126126126
348,4,2.0,2740.0,98119,3.6496350364963503
349,3,2.0,1670.0,98118,5.9880239520958085
350,3,1.0,830.0,98125,12.048192771084338
351,2,2.0,1200.0,98122,8.333333333333334
352,3,3.5,2530.0,98102,3.952569169960474
353,4,3.0,2660.0,98117,3.7593984962406015
354,4,2.0,2820.0,98117,3.5460992907801416
355,2,1.0,1011.0,98103,9.891196834817013
356,2,1.5,1088.0,98106,9.191176470588236
357,6,3.5,3785.0,98117,2.642007926023778
358,3,2.0,1540.0,98144,6.4935064935064934
359,2,1.5,1180.0,98168,8.474576271186441
360,3,3.5,1968.0,98199,5.08130081300813
361,1,1.0,610.0,98119,16.39344262295082
362,2,2.0,1346.0,98116,7.429420505200595
363,2,2.5,1320.0,98133,7.575757575757576
364,3,3.5,3064.0,98121,3.2637075718015667
365,3,2.0,2980.0,98115,3.3557046979865772
366,4,3.5,3050.0,98102,3.278688524590164
367,3,2.0,2020.0,98133,4.9504950495049505
368,3,2.5,1926.0,98122,5.192107995846314
369,2,1.0,1330.0,98125,7.518796992481203
370,3,2.0,2410.0,98199,4.149377593360996
371,2,2.5,1580.0,98106,6.329113924050633
372,3,1.0,1030.0,98105,9.70873786407767
373,3,3.0,1630.0,98168,6.134969325153374
374,4,2.5,2370.0,98146,4.219409282700422
375,1,1.0,783.0,98101,12.77139208173691
376,4,1.0,1310.0,98146,7.633587786259542
377,3,2.0,1996.0,98117,5.01002004008016
378,3,2.0,1580.0,98126,6.329113924050633
379,1,1.0,781.0,98122,12.804097311139564
380,2,2.0,1517.0,98105,6.591957811470007
381,4,2.0,2360.0,98115,4.237288135593221
382,3,2.0,1496.0,98144,6.684491978609626
383,2,2.5,1250.0,98117,8.0
384,2,2.0,1810.0,98119,5.524861878453039
385,1,1.0,531.0,98121,18.832391713747647
386,4,2.5,2380.0,98105,4.201680672268908
387,2,2.0,1095.0,98177,9.132420091324201
388,2,2.0,1080.0,98106,9.25925925925926
389,2,2.0,1146.0,98112,8.726003490401396
390,4,2.5,1544.0,98117,6.476683937823834
391,1,1.0,707.0,98122,14.144271570014144
392,4,3.0,2067.0,98122,4.837929366231253
393,4,3.0,2360.0,98115,4.237288135593221
394,2,2.0,724.0,98103,13.812154696132596
395,2,2.5,1649.0,98118,6.064281382656155
396,5,2.5,2180.0,98118,4.587155963302752
397,3,2.0,1960.0,98199,5.1020408163265305
398,1,1.0,727.0,98103,13.75515818431912
399,3,2.0,1209.0,98116,8.271298593879239
400,1,1.0,650.0,98116,15.384615384615385
401,5,3.0,3070.0,98117,3.257328990228013
402,4,2.5,2130.0,98136,4.694835680751174
403,4,2.5,2220.0,98144,4.504504504504505
404,4,3.0,2288.0,98126,4.370629370629371
405,2,2.0,1370.0,98121,7.299270072992701
406,5,3.0,3120.0,98178,3.2051282051282053
407,4,2.5,2180.0,98115,4.587155963302752
408,3,2.0,1590.0,98146,6.289308176100629
409,3,1.5,2220.0,98115,4.504504504504505
410,1,1.0,813.0,98178,12.300123001230013
411,1,1.0,574.0,98109,17.421602787456447
412,4,2.0,2480.0,98122,4.032258064516129
413,4,3.0,3320.0,98116,3.0120481927710845
414,2,1.0,1720.0,98118,5.813953488372093
415,3,2.0,2050.0,98109,4.878048780487805
416,4,3.0,2370.0,98115,4.219409282700422
417,4,5.0,3660.0,98118,2.73224043715847
418,3,3.5,1670.0,98107,5.9880239520958085
419,2,3.5,990.0,98178,10.1010101010101
420,3,3.0,3120.0,98199,3.2051282051282053
421,3,2.0,2260.0,98199,4.424778761061947
422,2,1.0,650.0,98103,15.384615384615385
423,3,3.5,1540.0,98126,6.4935064935064934
424,3,3.5,1980.0,98144,5.05050505050505
425,3,1.0,2160.0,98115,4.62962962962963
426,4,2.5,3080.0,98117,3.2467532467532467
427,2,3.0,1740.0,98105,5.747126436781609
428,3,2.0,1900.0,98112,5.2631578947368425
429,9,5.0,3940.0,98133,2.5380710659898478
430,2,1.5,1366.0,98116,7.320644216691069
431,4,1.5,1920.0,98125,5.208333333333333
432,1,1.0,715.0,98115,13.986013986013987
433,3,2.5,1610.0,98107,6.211180124223603
434,6,4.0,2960.0,98199,3.3783783783783785
435,4,2.0,1810.0,98117,5.524861878453039
436,2,2.0,1125.0,98102,8.88888888888889
437,2,2.0,1893.0,98115,5.282620179609086
438,3,2.0,1096.0,98117,9.124087591240876
439,3,4.5,3760.0,98199,2.6595744680851063
440,4,2.5,2720.0,98136,3.676470588235294
441,2,2.0,1510.0,98105,6.622516556291391
442,2,2.0,1350.0,98119,7.407407407407407
443,4,3.5,2980.0,98112,3.3557046979865772
444,2,2.0,1443.0,98168,6.93000693000693
445,2,2.0,1170.0,98115,8.547008547008547
446,5,2.0,2260.0,98117,4.424778761061947
447,3,2.0,1990.0,98146,5.025125628140704
448,2,1.5,1555.0,98122,6.430868167202572
449,3,2.0,2350.0,98122,4.25531914893617
450,2,1.0,1440.0,98125,6.944444444444445
451,1,1.0,627.0,98107,15.94896331738437
452,1,1.0,551.0,98121,18.148820326678766
453,2,1.0,770.0,98126,12.987012987012987
454,3,2.5,1570.0,98103,6.369426751592357
455,1,1.0,699.0,98199,14.30615164520744
456,3,3.0,2650.0,98105,3.7735849056603774
457,2,1.5,1070.0,98103,9.345794392523365
458,3,0.5,1941.0,98103,5.151983513652756
459,3,2.5,2030.0,98115,4.926108374384237
460,2,1.0,1620.0,98178,6.172839506172839
461,2,2.5,1400.0,98103,7.142857142857143
462,3,2.0,2354.0,98115,4.248088360237893
463,2,3.5,1155.0,98118,8.658008658008658
464,3,1.0,1340.0,98177,7.462686567164179
465,2,1.0,903.0,98146,11.074197120708748
466,3,1.5,1220.0,98103,8.19672131147541
467,2,1.0,1250.0,98118,8.0
468,2,2.0,1040.0,98133,9.615384615384615
469,2,1.0,1660.0,98109,6.024096385542169
470,1,1.0,744.0,98115,13.440860215053764
471,2,1.5,805.0,98107,12.422360248447205
472,3,1.0,1060.0,98117,9.433962264150944
473,5,3.5,3160.0,98112,3.1645569620253164
474,3,3.0,1120.0,98168,8.928571428571429
475,4,2.5,1881.0,98133,5.31632110579479
476,5,2.5,3460.0,98144,2.8901734104046244
477,1,1.0,376.0,98199,26.595744680851062
478,2,2.0,880.0,98126,11.363636363636363
479,1,1.0,794.0,98121,12.594458438287154
480,3,2.0,1340.0,98103,7.462686567164179
481,4,2.5,2560.0,98116,3.90625
482,4,2.0,2178.0,98133,4.591368227731864
483,2,1.0,1180.0,98122,8.474576271186441
484,4,3.5,3220.0,98199,3.1055900621118013
485,3,3.0,2070.0,98136,4.830917874396135
486,3,2.5,2131.0,98119,4.692632566870014
487,2,3.0,970.0,98102,10.309278350515465
488,6,3.5,2430.0,98108,4.11522633744856
489,3,2.5,1395.0,98116,7.168458781362007
490,3,2.5,1810.0,98125,5.524861878453039
491,2,1.0,904.0,98122,11.061946902654867
492,1,1.0,717.0,98109,13.94700139470014
493,5,3.0,2170.0,98178,4.608294930875576
494,4,3.0,3120.0,98144,3.2051282051282053
495,3,2.0,1870.0,98136,5.347593582887701
496,4,3.5,2285.0,98116,4.3763676148796495
497,3,2.5,2783.0,98199,3.5932446999640675
498,4,2.0,2540.0,98107,3.937007874015748
499,2,2.0,1734.0,98109,5.767012687427912
500,2,1.0,1010.0,98125,9.900990099009901
501,3,2.5,1420.0,98103,7.042253521126761
502,3,1.0,1410.0,98118,7.092198581560283
503,3,2.0,2320.0,98115,4.310344827586207
504,1,1.0,553.0,98103,18.083182640144667
505,3,2.0,1719.0,98103,5.817335660267598
506,4,2.0,2037.0,98119,4.909180166912126
507,1,1.0,954.0,98101,10.482180293501049
508,2,1.5,1370.0,98115,7.299270072992701
509,2,1.0,1480.0,98117,6.756756756756757
510,5,4.5,3636.0,98115,2.75027502750275
511,3,1.5,1780.0,98126,5.617977528089888
512,3,2.0,1094.0,98108,9.140767824497258
513,1,1.0,830.0,98103,12.048192771084338
514,2,2.0,834.0,98126,11.990407673860911
515,2,1.5,1035.0,98112,9.66183574879227
516,4,3.0,2790.0,98133,3.5842293906810037
517,2,2.0,859.0,98126,11.641443538998836
518,4,3.5,5690.0,98112,1.757469244288225
519,2,1.0,772.0,98103,12.953367875647668
520,3,1.0,1430.0,98168,6.993006993006993
521,3,2.5,1460.0,98106,6.8493150684931505
522,3,2.5,1386.0,98107,7.215007215007215
523,5,3.0,2310.0,98106,4.329004329004329
524,2,1.5,1340.0,98115,7.462686567164179
525,2,4.0,1291.0,98116,7.745933384972889
526,3,2.5,2320.0,98116,4.310344827586207
527,3,2.5,2150.0,98116,4.651162790697675
528,2,2.0,1885.0,98115,5.305039787798409
529,3,2.0,1425.0,98117,7.017543859649122
530,3,2.5,1810.0,98107,5.524861878453039
531,2,1.0,1280.0,98118,7.8125
532,3,3.0,1480.0,98117,6.756756756756757
533,3,3.0,2110.0,98177,4.739336492890995
534,2,1.0,1027.0,98115,9.737098344693282
535,1,1.0,808.0,98101,12.376237623762377
536,3,2.5,1569.0,98107,6.373486297004462
537,3,3.0,2247.0,98109,4.4503782821539835
538,3,1.0,1220.0,98107,8.19672131147541
539,2,1.0,1060.0,98103,9.433962264150944
540,4,2.0,1920.0,98118,5.208333333333333
541,1,1.0,804.0,98116,12.437810945273633
542,2,1.0,813.0,98116,12.300123001230013
543,4,1.5,1740.0,98146,5.747126436781609
544,3,1.5,2230.0,98117,4.484304932735426
545,4,2.5,2760.0,98178,3.6231884057971016
546,3,3.0,1660.0,98118,6.024096385542169
547,3,2.5,1360.0,98112,7.352941176470588
548,4,4.5,5200.0,98118,1.9230769230769231
549,3,2.5,1573.0,98107,6.357279084551812
550,1,1.0,700.0,98101,14.285714285714286
551,4,3.0,1700.0,98146,5.882352941176471
552,4,3.5,2560.0,98144,3.90625
553,3,2.0,1330.0,98122,7.518796992481203
554,4,2.0,2180.0,98115,4.587155963302752
555,3,2.0,1350.0,98103,7.407407407407407
556,2,1.5,1720.0,98144,5.813953488372093
557,4,3.5,3060.0,98136,3.2679738562091503
558,2,2.0,954.0,98133,10.482180293501049
559,2,2.5,1460.0,98106,6.8493150684931505
560,4,3.0,1540.0,98105,6.4935064935064934
561,1,1.0,709.0,98109,14.104372355430183
562,3,1.5,2560.0,98118,3.90625
563,1,1.0,534.0,98119,18.726591760299627
564,2,2.5,1440.0,98144,6.944444444444445
565,1,1.0,627.0,98121,15.94896331738437
566,3,2.5,1324.0,98126,7.552870090634441
567,2,2.0,1290.0,98125,7.751937984496124
568,1,1.0,748.0,98122,13.368983957219251
569,2,2.5,1830.0,98116,5.46448087431694
570,3,2.0,1660.0,98115,6.024096385542169
571,3,1.0,1964.0,98168,5.091649694501018
572,3,2.0,1460.0,98116,6.8493150684931505
573,1,1.0,683.0,98119,14.641288433382138
574,4,2.0,2060.0,98115,4.854368932038835
575,4,2.0,1160.0,98103,8.620689655172415
576,3,2.0,1540.0,98144,6.4935064935064934
577,1,1.0,529.0,98118,18.90359168241966
578,2,1.0,1860.0,98105,5.376344086021505
579,1,1.0,648.0,98115,15.432098765432098
580,5,4.0,4490.0,98122,2.2271714922048997
581,6,4.0,2310.0,98108,4.329004329004329
582,3,3.5,3130.0,98105,3.194888178913738
583,2,1.0,2110.0,98146,4.739336492890995
584,3,1.5,1590.0,98108,6.289308176100629
585,3,2.5,1280.0,98105,7.8125
586,2,1.0,840.0,98118,11.904761904761905
587,3,2.0,2020.0,98125,4.9504950495049505
588,4,3.0,3610.0,98105,2.770083102493075
589,4,3.5,2336.0,98115,4.280821917808219
590,2,1.0,1040.0,98133,9.615384615384615
591,1,1.0,620.0,98119,16.129032258064516
592,1,1.0,728.0,98119,13.736263736263735
593,3,2.5,1970.0,98103,5.0761421319796955
594,4,3.0,2190.0,98115,4.566210045662101
595,4,3.0,2120.0,98126,4.716981132075472
596,2,2.0,1415.0,98125,7.067137809187279
597,4,3.5,1835.0,98103,5.449591280653951
598,2,4.5,1670.0,98107,5.9880239520958085
599,3,3.5,2570.0,98105,3.8910505836575875
600,3,2.0,2060.0,98118,4.854368932038835
601,3,2.5,1740.0,98102,5.747126436781609
602,5,3.0,2510.0,98103,3.9840637450199203
603,2,2.5,1000.0,98144,10.0
604,3,2.0,1516.0,98116,6.596306068601583
605,3,1.0,940.0,98136,10.638297872340425
606,4,2.0,2440.0,98144,4.098360655737705
607,5,4.0,2470.0,98118,4.048582995951417
608,2,2.0,1288.0,98133,7.763975155279503
609,4,3.5,3240.0,98112,3.0864197530864197
610,2,2.0,693.0,98119,14.43001443001443
611,3,2.5,1550.0,98107,6.451612903225806
612,4,2.0,2080.0,98106,4.8076923076923075
613,4,3.0,1400.0,98107,7.142857142857143
614,2,2.5,1159.0,98122,8.628127696289905
615,2,1.5,901.0,98107,11.098779134295228
616,4,3.0,2900.0,98136,3.4482758620689653
617,4,2.5,2052.0,98178,4.8732943469785575
618,1,1.0,773.0,98121,12.936610608020699
619,2,2.0,1040.0,98118,9.615384615384615
620,2,2.0,2353.0,98116,4.249893752656184
621,2,2.0,1212.0,98136,8.250825082508252
622,5,2.0,2640.0,98122,3.787878787878788
623,2,1.0,1090.0,98118,9.174311926605505
624,5,2.5,3960.0,98199,2.525252525252525
625,4,1.5,3030.0,98112,3.3003300330033003
626,4,2.5,3080.0,98168,3.2467532467532467
627,1,1.0,700.0,98119,14.285714285714286
628,2,1.5,1276.0,98103,7.836990595611285
629,3,1.0,910.0,98168,10.989010989010989
630,5,3.5,4180.0,98109,2.3923444976076556
631,1,1.0,852.0,98107,11.737089201877934
632,5,1.5,2830.0,98118,3.5335689045936394
633,2,1.0,970.0,98116,10.309278350515465
634,3,2.0,1576.0,98122,6.345177664974619
635,1,1.0,667.0,98115,14.992503748125937
636,3,2.0,1080.0,98116,9.25925925925926
637,2,5.5,2659.0,98102,3.7608123354644603
638,5,5.0,3623.0,98115,2.7601435274634283
639,4,3.5,2520.0,98199,3.9682539682539684
640,4,3.5,2720.0,98102,3.676470588235294
641,2,2.0,968.0,98103,10.330578512396695
642,2,2.0,839.0,98133,11.918951132300357
643,2,3.5,2080.0,98103,4.8076923076923075
644,2,2.0,693.0,98119,14.43001443001443
645,2,2.5,1365.0,98118,7.326007326007326
646,2,1.0,1580.0,98178,6.329113924050633
647,2,1.0,860.0,98116,11.627906976744185
648,2,2.0,1038.0,98116,9.633911368015415
649,4,3.0,2860.0,98103,3.4965034965034967
650,1,1.0,557.0,98102,17.953321364452425
651,2,2.0,1644.0,98101,6.082725060827251
652,5,2.0,2340.0,98106,4.273504273504273
653,3,2.5,1810.0,98107,5.524861878453039
654,2,1.0,2530.0,98122,3.952569169960474
655,3,3.5,1820.0,98122,5.4945054945054945
656,2,1.0,648.0,98107,15.432098765432098
657,2,2.5,1448.0,98103,6.906077348066298
658,2,1.0,1660.0,98125,6.024096385542169
659,5,3.0,2970.0,98117,3.367003367003367
660,5,4.0,3030.0,98108,3.3003300330033003
661,3,2.0,1400.0,98106,7.142857142857143
662,2,1.5,900.0,98133,11.11111111111111
663,3,2.0,2740.0,98144,3.6496350364963503
664,2,1.0,720.0,98117,13.88888888888889
665,4,2.5,1880.0,98117,5.319148936170213
666,3,2.5,1681.0,98126,5.94883997620464
667,4,2.0,3325.0,98199,3.007518796992481
668,5,3.5,4397.0,98105,2.274277916761428
669,3,1.5,1540.0,98126,6.4935064935064934
670,3,1.0,1530.0,98146,6.5359477124183005
671,2,2.0,1015.0,98115,9.852216748768473
672,4,3.0,2340.0,98108,4.273504273504273
673,1,1.0,836.0,98121,11.961722488038278
674,1,1.0,492.0,98146,20.32520325203252
675,3,3.0,1880.0,98107,5.319148936170213
676,2,2.0,1570.0,98103,6.369426751592357
677,4,2.5,1806.0,98118,5.537098560354374
678,2,2.0,1595.0,98119,6.269592476489028
679,2,2.0,1526.0,98199,6.553079947575361
680,3,2.5,1346.0,98107,7.429420505200595
681,3,2.0,1600.0,98117,6.25
682,2,2.0,1170.0,98112,8.547008547008547
683,3,2.5,1660.0,98144,6.024096385542169
684,1,1.0,707.0,98133,14.144271570014144
685,3,2.0,1390.0,98116,7.194244604316546
686,3,2.0,2900.0,98199,3.4482758620689653
687,1,1.0,704.0,98144,14.204545454545455
688,3,4.0,2400.0,98122,4.166666666666667
689,3,1.0,1120.0,98112,8.928571428571429
690,4,2.0,1710.0,98117,5.847953216374269
691,3,2.0,1880.0,98122,5.319148936170213
692,3,3.0,1454.0,98122,6.87757909215956
693,14,5.0,3884.0,98106,2.5746652935118433
694,3,1.5,2300.0,98107,4.3478260869565215
695,4,3.0,2520.0,98105,3.9682539682539684
696,4,3.0,3335.0,98115,2.998500749625187
697,3,2.5,2118.0,98118,4.721435316336166
698,2,1.0,910.0,98117,10.989010989010989
699,4,1.0,2080.0,98117,4.8076923076923075
700,2,1.0,2520.0,98122,3.9682539682539684
701,3,2.0,1560.0,98116,6.410256410256411
702,2,1.0,1130.0,98199,8.849557522123893
703,1,1.0,543.0,98121,18.41620626151013
704,1,1.0,620.0,98178,16.129032258064516
705,3,3.0,1720.0,98177,5.813953488372093
706,2,2.0,1015.0,98115,9.852216748768473
707,1,1.0,530.0,98118,18.867924528301888
708,4,2.0,1350.0,98106,7.407407407407407
709,3,2.5,1510.0,98133,6.622516556291391
710,1,1.5,1021.0,98101,9.79431929480901
711,3,1.0,1730.0,98103,5.780346820809249
712,2,2.0,3120.0,98118,3.2051282051282053
713,4,2.5,2172.0,98105,4.6040515653775325
714,3,3.5,1410.0,98117,7.092198581560283
715,1,1.0,578.0,98121,17.301038062283737
716,2,2.0,1350.0,98117,7.407407407407407
717,2,2.0,900.0,98102,11.11111111111111
718,2,2.5,1865.0,98109,5.361930294906166
719,2,2.0,1174.0,98109,8.517887563884157
720,3,1.5,1250.0,98178,8.0
721,5,3.0,3590.0,98117,2.785515320334262
722,3,2.0,1548.0,98117,6.459948320413437
723,4,3.0,3030.0,98115,3.3003300330033003
724,1,1.0,622.0,98103,16.077170418006432
725,4,2.0,2245.0,98178,4.4543429844097995
726,4,3.5,2627.0,98118,3.806623524933384
727,4,2.5,3680.0,98118,2.717391304347826
728,2,1.0,2170.0,98199,4.608294930875576
729,3,1.0,1600.0,98119,6.25
730,2,2.5,2803.0,98101,3.567606136282554
731,3,1.5,2120.0,98105,4.716981132075472
732,3,2.5,1980.0,98146,5.05050505050505
733,3,2.0,1370.0,98103,7.299270072992701
734,1,1.0,723.0,98133,13.831258644536653
735,4,1.5,1300.0,98122,7.6923076923076925
736,3,2.0,1060.0,98106,9.433962264150944
737,1,1.0,531.0,98121,18.832391713747647
738,2,1.0,770.0,98106,12.987012987012987
739,4,3.0,2470.0,98115,4.048582995951417
740,3,2.5,2260.0,98103,4.424778761061947
741,2,1.5,1120.0,98103,8.928571428571429
742,3,3.5,1936.0,98122,5.1652892561983474
743,2,2.5,1560.0,98117,6.410256410256411
744,2,2.0,1020.0,98118,9.803921568627452
745,3,2.0,1100.0,98122,9.090909090909092
746,3,2.0,2120.0,98103,4.716981132075472
747,2,2.5,1400.0,98102,7.142857142857143
748,2,2.0,1429.0,98126,6.997900629811057
749,3,2.5,1320.0,98117,7.575757575757576
750,4,4.5,4790.0,98144,2.0876826722338206
751,3,1.0,1070.0,98168,9.345794392523365
752,2,2.5,1966.0,98103,5.0864699898270604
753,2,2.0,1146.0,98116,8.726003490401396
754,3,2.5,1047.0,98144,9.551098376313275
755,2,1.5,1760.0,98144,5.681818181818182
756,2,2.0,1030.0,98125,9.70873786407767
757,3,2.0,1514.0,98107,6.605019815059445
758,3,1.5,1520.0,98146,6.578947368421052
759,4,3.5,3360.0,98136,2.9761904761904763
760,3,2.0,1910.0,98136,5.2356020942408374
761,2,2.5,1550.0,98122,6.451612903225806
762,1,1.0,641.0,98122,15.600624024960998
763,3,3.0,1190.0,98144,8.403361344537815
764,4,2.0,2640.0,98122,3.787878787878788
765,2,1.5,938.0,98106,10.660980810234541
766,3,3.5,2206.0,98103,4.533091568449683
767,1,1.0,680.0,98104,14.705882352941176
768,2,1.0,749.0,98103,13.35113484646195
769,2,2.0,1353.0,98115,7.390983000739098
770,1,1.0,250.0,98103,40.0
771,8,4.0,3136.0,98146,3.188775510204082
772,2,2.0,1149.0,98115,8.703220191470844
773,1,1.0,861.0,98126,11.614401858304298
774,4,2.5,2050.0,98177,4.878048780487805
775,2,2.0,1106.0,98109,9.041591320072333
776,3,3.5,1930.0,98125,5.181347150259067
777,4,3.0,3090.0,98168,3.236245954692557
778,3,2.0,2437.0,98118,4.1034058268362745
779,2,2.5,1330.0,98105,7.518796992481203
780,3,2.0,1680.0,98136,5.9523809523809526
781,2,2.0,834.0,98115,11.990407673860911
782,2,2.0,1112.0,98177,8.992805755395683
783,1,1.0,626.0,98115,15.97444089456869
784,2,1.0,1230.0,98144,8.130081300813009
785,4,2.5,2840.0,98105,3.5211267605633805
786,2,1.5,1115.0,98107,8.968609865470851
787,4,2.0,2240.0,98106,4.464285714285714
788,3,3.0,1687.0,98115,5.927682276229994
789,4,3.0,1900.0,98103,5.2631578947368425
790,3,3.0,1970.0,98177,5.0761421319796955
791,3,2.5,1512.0,98144,6.613756613756614
792,1,1.0,696.0,98122,14.367816091954023
793,2,1.5,806.0,98106,12.40694789081886
794,2,2.0,1319.0,98107,7.58150113722517
795,2,1.0,2300.0,98168,4.3478260869565215
796,2,1.5,1127.0,98102,8.873114463176575
797,4,2.0,2280.0,98168,4.385964912280702
798,2,2.0,1120.0,98126,8.928571428571429
799,4,3.0,1960.0,98136,5.1020408163265305
800,1,1.0,627.0,98101,15.94896331738437
801,2,2.0,1228.0,98109,8.143322475570033
802,3,2.0,1800.0,98117,5.555555555555555
803,1,1.0,883.0,98119,11.325028312570781
804,4,1.0,1190.0,98106,8.403361344537815
805,5,5.5,5770.0,98122,1.733102253032929
806,2,2.5,1710.0,98117,5.847953216374269
807,2,2.0,968.0,98103,10.330578512396695
808,2,1.0,790.0,98178,12.658227848101266
809,1,1.0,376.0,98199,26.595744680851062
810,6,5.5,4510.0,98178,2.2172949002217295
811,3,2.0,1300.0,98199,7.6923076923076925
812,3,3.5,2106.0,98115,4.748338081671415
813,3,2.5,1573.0,98107,6.357279084551812
814,4,2.0,2870.0,98168,3.484320557491289
815,4,3.5,4006.0,98199,2.4962556165751373
816,2,1.0,1060.0,98108,9.433962264150944
817,1,1.0,562.0,98199,17.793594306049823
818,3,2.5,1610.0,98199,6.211180124223603
819,2,3.0,1212.0,98136,8.250825082508252
820,4,2.5,2390.0,98115,4.184100418410042
821,2,1.0,1080.0,98199,9.25925925925926
822,2,1.0,1350.0,98126,7.407407407407407
823,4,3.5,2795.0,98122,3.5778175313059033
824,2,2.0,1369.0,98116,7.304601899196494
825,2,1.0,970.0,98103,10.309278350515465
826,3,3.5,1820.0,98122,5.4945054945054945
827,3,2.0,1770.0,98168,5.649717514124294
828,6,4.0,3280.0,98118,3.048780487804878
829,3,1.0,1260.0,98168,7.936507936507937
830,4,2.5,1939.0,98107,5.157297576070139
831,1,1.0,610.0,98101,16.39344262295082
832,4,3.0,2200.0,98118,4.545454545454546
833,3,3.5,3036.0,98121,3.2938076416337285
834,3,2.5,1861.0,98121,5.373455131649651
835,3,2.0,1650.0,98126,6.0606060606060606
836,1,1.0,722.0,98118,13.850415512465373
837,3,2.0,1260.0,98133,7.936507936507937
838,2,2.5,2714.0,98102,3.6845983787767134
839,2,2.0,1020.0,98118,9.803921568627452
840,3,3.5,1471.0,98144,6.798096532970768
841,3,2.5,1500.0,98119,6.666666666666667
842,2,1.0,1080.0,98118,9.25925925925926
843,4,2.5,1544.0,98117,6.476683937823834
844,2,2.0,1004.0,98125,9.9601593625498
845,4,2.0,1470.0,98118,6.802721088435374
846,4,2.0,1680.0,98107,5.9523809523809526
847,4,2.0,2420.0,98126,4.132231404958677
848,4,3.5,2011.0,98136,4.972650422675286
849,2,2.0,896.0,98107,11.160714285714286
850,2,2.0,1415.0,98125,7.067137809187279
851,2,2.5,840.0,98144,11.904761904761905
852,1,1.0,434.0,98102,23.04147465437788
853,4,2.5,2730.0,98146,3.663003663003663
854,3,1.5,1350.0,98118,7.407407407407407
855,3,3.5,1740.0,98122,5.747126436781609
856,3,2.5,1940.0,98118,5.154639175257732
857,4,1.0,1340.0,98144,7.462686567164179
858,2,2.0,1110.0,98103,9.00900900900901
859,3,2.5,1380.0,98115,7.246376811594203
860,3,2.5,1400.0,98136,7.142857142857143
861,3,2.0,2110.0,98108,4.739336492890995
862,1,1.0,557.0,98102,17.953321364452425
863,3,2.0,1830.0,98126,5.46448087431694
864,3,2.0,1480.0,98116,6.756756756756757
865,3,1.5,1550.0,98133,6.451612903225806
866,3,2.0,1670.0,98146,5.9880239520958085
867,4,2.5,2890.0,98115,3.4602076124567476
868,3,3.5,1590.0,98136,6.289308176100629
869,1,1.0,630.0,98109,15.873015873015873
870,4,2.0,1440.0,98126,6.944444444444445
871,3,2.5,2529.0,98122,3.9541320680110714
872,3,3.0,1086.0,98144,9.208103130755065
873,3,2.0,1565.0,98103,6.389776357827476
874,2,2.0,916.0,98121,10.91703056768559
875,3,7.0,2190.0,98112,4.566210045662101
876,2,2.0,1400.0,98115,7.142857142857143
877,3,3.5,1352.0,98115,7.396449704142012
878,4,4.0,2030.0,98115,4.926108374384237
879,3,2.0,1455.0,98117,6.8728522336769755
880,5,4.0,3240.0,98199,3.0864197530864197
881,3,2.0,924.0,98126,10.822510822510823
882,2,2.0,1470.0,98115,6.802721088435374
883,3,2.0,1758.0,98103,5.688282138794084
884,3,2.5,1830.0,98116,5.46448087431694
885,2,1.0,1019.0,98107,9.813542688910697
886,4,3.0,2970.0,98102,3.367003367003367
887,3,3.5,1500.0,98103,6.666666666666667
888,3,2.0,2020.0,98119,4.9504950495049505
889,3,3.5,2188.0,98112,4.570383912248629
890,1,1.0,507.0,98101,19.723865877712033
891,2,1.5,1131.0,98144,8.841732979664014
892,2,2.0,982.0,98122,10.183299389002036
893,2,2.0,1889.0,98112,5.293806246691371
894,2,1.0,1440.0,98133,6.944444444444445
895,2,2.0,789.0,98107,12.67427122940431
896,2,2.0,1131.0,98116,8.841732979664014
897,4,3.0,3300.0,98199,3.0303030303030303
898,4,2.0,2510.0,98115,3.9840637450199203
899,2,2.5,1580.0,98178,6.329113924050633
900,1,2.0,966.0,98121,10.351966873706004
901,1,1.0,703.0,98126,14.22475106685633
902,2,2.0,1220.0,98118,8.19672131147541
903,9,5.0,3590.0,98117,2.785515320334262
904,6,5.5,4299.0,98115,2.3261223540358222
905,1,1.0,900.0,98105,11.11111111111111
906,3,2.5,1260.0,98117,7.936507936507937
907,2,2.5,1048.0,98115,9.541984732824428
908,4,1.0,1470.0,98125,6.802721088435374
909,1,1.0,1113.0,98102,8.984725965858042
910,2,2.0,1570.0,98103,6.369426751592357
911,3,2.5,2740.0,98117,3.6496350364963503
912,2,2.5,1470.0,98103,6.802721088435374
913,4,2.0,1710.0,98118,5.847953216374269
914,3,2.5,1580.0,98103,6.329113924050633
915,2,1.0,800.0,98125,12.5
916,3,1.0,980.0,98103,10.204081632653061
917,5,3.5,3700.0,98122,2.7027027027027026
918,4,2.0,2352.0,98199,4.2517006802721085
919,3,3.0,2320.0,98125,4.310344827586207
920,2,2.0,1503.0,98108,6.65335994677312
921,4,5.5,2410.0,98146,4.149377593360996
922,2,1.5,950.0,98103,10.526315789473685
923,3,1.5,1640.0,98103,6.097560975609756
924,3,1.5,2440.0,98112,4.098360655737705
925,1,1.0,594.0,98105,16.835016835016834
926,4,2.0,1480.0,98118,6.756756756756757
927,3,2.5,1220.0,98118,8.19672131147541
928,3,2.0,2740.0,98177,3.6496350364963503
929,3,3.0,2160.0,98118,4.62962962962963
930,2,2.0,1400.0,98199,7.142857142857143
931,3,2.5,2650.0,98136,3.7735849056603774
932,2,2.0,2735.0,98121,3.656307129798903
933,1,1.0,750.0,98116,13.333333333333334
934,2,1.0,1201.0,98126,8.32639467110741
935,6,6.0,3488.0,98103,2.86697247706422
936,4,2.0,1742.0,98105,5.7405281285878305
937,4,2.0,2390.0,98105,4.184100418410042
938,3,1.0,4018.0,98122,2.4888003982080638
939,3,3.5,1530.0,98117,6.5359477124183005
940,1,1.0,600.0,98112,16.666666666666668
941,5,3.5,3340.0,98112,2.9940119760479043
942,2,1.0,2060.0,98106,4.854368932038835
943,3,2.5,1650.0,98106,6.0606060606060606
944,1,1.0,640.0,98144,15.625
945,2,2.0,1106.0,98109,9.041591320072333
946,2,2.0,1200.0,98199,8.333333333333334
947,3,2.5,1390.0,98126,7.194244604316546
948,3,2.0,1759.0,98116,5.6850483229107445
949,2,1.5,1690.0,98118,5.9171597633136095
950,4,3.5,2191.0,98103,4.564125969876769
951,3,2.5,1380.0,98144,7.246376811594203
952,2,2.0,877.0,98115,11.402508551881414
953,5,4.0,2754.0,98126,3.6310820624546114
954,3,2.0,2770.0,98115,3.6101083032490973
955,1,1.0,515.0,98116,19.41747572815534
956,3,2.0,2029.0,98115,4.928536224741252
957,4,3.0,2560.0,98115,3.90625
958,5,3.5,2966.0,98126,3.3715441672285906
959,3,2.5,1763.0,98117,5.672149744753262
960,3,2.5,1550.0,98116,6.451612903225806
961,2,1.0,830.0,98177,12.048192771084338
962,2,2.0,1019.0,98119,9.813542688910697
963,1,1.0,696.0,98105,14.367816091954023
964,5,3.5,5090.0,98102,1.9646365422396856
965,3,4.5,1460.0,98108,6.8493150684931505
966,2,2.0,1036.0,98103,9.652509652509652
967,1,1.0,854.0,98103,11.7096018735363
968,3,3.0,1687.0,98115,5.927682276229994
969,3,1.5,1430.0,98168,6.993006993006993
970,2,2.0,1960.0,98168,5.1020408163265305
971,4,3.5,2720.0,98115,3.676470588235294
972,1,1.0,706.0,98116,14.164305949008499
973,3,2.0,2600.0,98144,3.8461538461538463
974,3,2.0,1900.0,98115,5.2631578947368425
975,2,1.5,1580.0,98115,6.329113924050633
976,1,1.0,1270.0,98108,7.874015748031496
977,4,2.5,2320.0,98108,4.310344827586207
978,3,1.0,910.0,98106,10.989010989010989
979,2,2.0,878.0,98121,11.389521640091116
980,2,1.0,1915.0,98133,5.221932114882507
981,3,2.0,2462.0,98119,4.061738424045491
982,4,3.5,2640.0,98103,3.787878787878788
983,3,2.5,1670.0,98144,5.9880239520958085
984,3,1.0,1090.0,98133,9.174311926605505
985,3,3.5,1621.0,98109,6.169031462060457
986,4,2.0,2591.0,98125,3.8595137012736394
987,2,2.0,1400.0,98119,7.142857142857143
988,2,2.5,840.0,98118,11.904761904761905
989,4,3.5,2910.0,98115,3.4364261168384878
990,2,1.0,1410.0,98118,7.092198581560283
991,2,1.0,770.0,98106,12.987012987012987
992,3,2.0,1900.0,98199,5.2631578947368425
993,3,2.0,2760.0,98119,3.6231884057971016
994,3,2.0,1290.0,98144,7.751937984496124
995,3,2.0,1111.0,98112,9.000900090009
996,2,2.0,850.0,98115,11.764705882352942
997,2,1.5,900.0,98105,11.11111111111111
998,6,5.0,2667.0,98122,3.749531308586427
999,2,1.5,1320.0,98116,7.575757575757576
1000,2,2.0,1370.0,98117,7.299270072992701
1001,2,1.0,1140.0,98106,8.771929824561404
1002,3,1.0,1380.0,98117,7.246376811594203
1003,3,2.0,1422.0,98117,7.032348804500703
1004,2,2.0,1065.0,98126,9.389671361502348
1005,2,3.0,2943.0,98105,3.397893306150187
1006,3,2.0,1250.0,98106,8.0
1007,3,2.0,2390.0,98133,4.184100418410042
1008,1,1.0,569.0,98102,17.57469244288225
1009,3,2.0,1680.0,98199,5.9523809523809526
1010,1,1.0,683.0,98101,14.641288433382138
1011,1,1.0,627.0,98121,15.94896331738437
1012,2,2.0,840.0,98116,11.904761904761905
1013,3,1.5,1880.0,98125,5.319148936170213
1014,2,2.0,881.0,98103,11.350737797956867
1015,2,1.0,850.0,98144,11.764705882352942
1016,1,1.0,525.0,98103,19.047619047619047
1017,3,1.5,2170.0,98109,4.608294930875576
1018,2,1.0,1110.0,98125,9.00900900900901
1019,4,3.5,3930.0,98102,2.544529262086514
1020,2,1.0,1047.0,98102,9.551098376313275
1021,1,1.0,653.0,98122,15.313935681470138
1022,3,1.5,1710.0,98122,5.847953216374269
1023,5,3.0,2120.0,98126,4.716981132075472
1024,3,4.0,2360.0,98115,4.237288135593221
1025,4,4.0,2250.0,98106,4.444444444444445
1026,4,2.0,2320.0,98115,4.310344827586207
1027,4,3.5,3490.0,98115,2.865329512893983
1028,4,2.5,2500.0,98117,4.0
1029,2,1.0,792.0,98102,12.626262626262626
1030,2,2.5,1490.0,98115,6.7114093959731544
1031,3,2.5,1700.0,98102,5.882352941176471
1032,2,2.0,1261.0,98125,7.930214115781126
1033,4,2.0,2440.0,98122,4.098360655737705
1034,3,2.5,1420.0,98108,7.042253521126761
1035,3,2.0,1380.0,98122,7.246376811594203
1036,3,2.0,1111.0,98112,9.000900090009
1037,3,1.5,1920.0,98133,5.208333333333333
1038,3,1.5,1220.0,98144,8.19672131147541
1039,3,3.0,4010.0,98112,2.493765586034913
1040,2,2.0,1170.0,98144,8.547008547008547
1041,3,2.5,1600.0,98144,6.25
1042,1,1.0,760.0,98119,13.157894736842104
1043,2,1.5,1290.0,98144,7.751937984496124
1044,2,1.0,980.0,98112,10.204081632653061
1045,2,1.5,1022.0,98144,9.784735812133073
1046,2,1.5,1260.0,98118,7.936507936507937
1047,5,2.0,2660.0,98136,3.7593984962406015
1048,1,1.0,644.0,98122,15.527950310559007
1049,1,1.0,664.0,98102,15.060240963855422
1050,1,1.0,468.0,98109,21.367521367521366
1051,4,3.0,2680.0,98115,3.7313432835820897
1052,4,2.0,1640.0,98136,6.097560975609756
1053,3,2.0,2000.0,98115,5.0
1054,2,2.0,1523.0,98125,6.5659881812212735
1055,4,3.0,2430.0,98146,4.11522633744856
1056,2,2.0,1199.0,98117,8.340283569641368
1057,4,3.0,2160.0,98125,4.62962962962963
1058,4,2.5,1354.0,98118,7.385524372230428
1059,1,1.0,738.0,98101,13.550135501355014
1060,2,2.0,1425.0,98104,7.017543859649122
1061,6,7.0,4570.0,98105,2.1881838074398248
1062,2,1.5,940.0,98144,10.638297872340425
1063,3,3.5,1710.0,98126,5.847953216374269
1064,3,2.5,1430.0,98103,6.993006993006993
1065,3,3.5,1500.0,98118,6.666666666666667
1066,3,1.5,1376.0,98107,7.267441860465116
1067,4,3.5,4002.0,98116,2.498750624687656
1068,4,1.0,1600.0,98115,6.25
1069,1,1.0,807.0,98122,12.391573729863692
1070,5,3.0,2055.0,98122,4.866180048661801
1071,1,1.0,647.0,98102,15.45595054095827
1072,2,2.0,940.0,98115,10.638297872340425
1073,2,1.5,1150.0,98125,8.695652173913043
1074,2,2.5,1459.0,98103,6.854009595613434
1075,4,2.5,1910.0,98103,5.2356020942408374
1076,4,3.0,2297.0,98178,4.3535045711797995
1077,4,2.5,2320.0,98118,4.310344827586207
1078,5,3.5,2387.0,98133,4.189359028068705
1079,5,3.5,3270.0,98115,3.058103975535168
1080,3,2.5,1530.0,98126,6.5359477124183005
1081,2,1.0,1150.0,98136,8.695652173913043
1082,3,2.0,1237.0,98106,8.084074373484237
1083,3,2.5,1760.0,98136,5.681818181818182
1084,1,1.0,808.0,98164,12.376237623762377
1085,2,2.0,2720.0,98144,3.676470588235294
1086,4,2.0,1345.0,98103,7.434944237918216
1087,4,3.0,2600.0,98115,3.8461538461538463
1088,3,2.0,2209.0,98115,4.526935264825713
1089,2,2.5,950.0,98107,10.526315789473685
1090,4,2.5,1530.0,98146,6.5359477124183005
1091,2,1.0,830.0,98103,12.048192771084338
1092,3,2.0,1590.0,98117,6.289308176100629
1093,3,3.0,1524.0,98122,6.561679790026247
1094,4,3.0,1920.0,98125,5.208333333333333
1095,4,2.0,2660.0,98115,3.7593984962406015
1096,3,2.0,2284.0,98136,4.378283712784588
1097,3,2.5,1604.0,98144,6.234413965087282
1098,4,4.0,2555.0,98105,3.9138943248532287
1099,3,1.5,2460.0,98115,4.065040650406504
1100,3,2.5,2793.0,98109,3.5803795202291444
1101,2,1.5,1540.0,98106,6.4935064935064934
1102,3,1.0,950.0,98106,10.526315789473685
1103,3,1.5,1720.0,98168,5.813953488372093
1104,2,2.0,1470.0,98125,6.802721088435374
1105,5,2.5,3500.0,98146,2.857142857142857
1106,2,1.5,984.0,98116,10.16260162601626
1107,3,2.5,1570.0,98103,6.369426751592357
1108,1,1.0,700.0,98122,14.285714285714286
1109,2,2.0,1188.0,98119,8.417508417508417
1110,3,2.5,2570.0,98118,3.8910505836575875
1111,3,2.5,1631.0,98103,6.131207847946046
1112,3,2.0,1596.0,98105,6.265664160401003
1113,2,2.5,820.0,98126,12.195121951219512
1114,3,2.5,1610.0,98119,6.211180124223603
1115,1,1.0,812.0,98107,12.31527093596059
1116,3,2.0,1425.0,98117,7.017543859649122
1117,2,2.5,1086.0,98115,9.208103130755065
1118,2,2.5,1043.0,98117,9.587727708533079
1119,3,2.0,1440.0,98119,6.944444444444445
1120,1,1.0,590.0,98106,16.949152542372882
1121,2,2.0,1152.0,98121,8.680555555555555
1122,4,2.0,2040.0,98112,4.901960784313726
1123,3,2.0,2092.0,98102,4.780114722753346
1124,3,1.0,1780.0,98144,5.617977528089888
1125,3,2.5,3560.0,98116,2.808988764044944
1126,2,2.5,1475.0,98103,6.779661016949152
1127,4,2.5,1890.0,98178,5.291005291005291
1128,4,2.0,2790.0,98126,3.5842293906810037
1129,4,3.5,2600.0,98122,3.8461538461538463
1130,3,2.0,1060.0,98106,9.433962264150944
1131,3,1.0,2180.0,98125,4.587155963302752
1132,2,2.0,1761.0,98115,5.6785917092561045
1133,3,2.0,1379.0,98125,7.25163161711385
1134,3,1.5,2550.0,98105,3.9215686274509802
1135,4,3.5,3815.0,98116,2.6212319790301444
1136,4,2.0,2634.0,98115,3.7965072133637054
1137,1,1.0,540.0,98104,18.51851851851852
1138,3,3.5,3064.0,98121,3.2637075718015667
1139,2,1.0,860.0,98108,11.627906976744185
1140,3,2.5,1690.0,98125,5.9171597633136095
1141,3,3.5,1800.0,98103,5.555555555555555
1142,2,2.0,1071.0,98119,9.337068160597573
1143,2,1.0,807.0,98103,12.391573729863692
1144,3,2.5,1350.0,98119,7.407407407407407
1145,4,2.0,2900.0,98144,3.4482758620689653
1146,3,3.0,1880.0,98107,5.319148936170213
1147,1,1.0,677.0,98115,14.771048744460856
1148,1,1.0,703.0,98103,14.22475106685633
1149,1,1.0,527.0,98122,18.975332068311197
1150,1,1.0,820.0,98118,12.195121951219512
1151,3,2.5,1360.0,98103,7.352941176470588
1152,4,3.5,2600.0,98117,3.8461538461538463
1153,4,3.5,2852.0,98102,3.506311360448808
1154,3,3.5,1370.0,98133,7.299270072992701
1155,3,1.5,2000.0,98112,5.0
1156,3,2.0,1096.0,98117,9.124087591240876
1157,3,3.5,3380.0,98177,2.9585798816568047
1158,3,2.5,1616.0,98116,6.188118811881188
1159,3,3.0,1620.0,98136,6.172839506172839
1160,2,2.0,970.0,98102,10.309278350515465
1161,1,2.0,1009.0,98116,9.910802775024777
1162,3,2.0,2270.0,98122,4.405286343612334
1163,3,1.0,1200.0,98168,8.333333333333334
1164,2,2.0,1225.0,98115,8.16326530612245
1165,2,2.0,1081.0,98144,9.250693802035153
1166,3,2.0,1380.0,98125,7.246376811594203
1167,2,1.0,1200.0,98103,8.333333333333334
1168,2,2.0,1620.0,98103,6.172839506172839
1169,3,2.0,2950.0,98199,3.389830508474576
1170,1,1.0,513.0,98121,19.49317738791423
1171,4,2.0,2100.0,98116,4.761904761904762
1172,3,2.0,1705.0,98177,5.865102639296188
1173,4,4.5,3610.0,98112,2.770083102493075
1174,3,3.5,1800.0,98103,5.555555555555555
1175,3,1.0,2130.0,98117,4.694835680751174
1176,2,2.0,1367.0,98121,7.315288953913679
1177,3,2.5,1730.0,98125,5.780346820809249
1178,4,3.5,4194.0,98112,2.384358607534573
1179,9,9.0,3780.0,98119,2.6455026455026456
1180,2,2.0,1778.0,98112,5.62429696287964
1181,3,3.0,1410.0,98107,7.092198581560283
1182,2,2.0,1088.0,98133,9.191176470588236
1183,4,1.0,1340.0,98117,7.462686567164179
1184,5,1.0,2380.0,98136,4.201680672268908
1185,3,4.5,2140.0,98109,4.672897196261682
1186,3,2.0,2080.0,98178,4.8076923076923075
1187,2,1.0,1410.0,98118,7.092198581560283
1188,1,1.0,571.0,98121,17.513134851138354
1189,4,2.5,2340.0,98106,4.273504273504273
1190,5,4.5,5210.0,98122,1.9193857965451055
1191,1,1.0,733.0,98121,13.642564802182811
1192,2,1.5,1060.0,98118,9.433962264150944
1193,2,2.5,996.0,98122,10.040160642570282
1194,4,2.0,1850.0,98105,5.405405405405405
1195,1,1.0,690.0,98117,14.492753623188406
1196,4,2.0,2260.0,98107,4.424778761061947
1197,4,3.5,3190.0,98107,3.134796238244514
1198,3,2.5,1846.0,98199,5.417118093174431
1199,3,2.0,1700.0,98118,5.882352941176471
1200,4,2.0,2240.0,98126,4.464285714285714
1201,4,2.0,1660.0,98103,6.024096385542169
1202,2,3.0,1780.0,98133,5.617977528089888
1203,4,3.5,2270.0,98146,4.405286343612334
1204,1,1.0,603.0,98121,16.58374792703151
1205,3,3.5,2024.0,98107,4.940711462450593
1206,2,2.5,1103.0,98107,9.066183136899365
1207,3,1.0,1460.0,98115,6.8493150684931505
1208,6,7.0,4260.0,98119,2.347417840375587
1209,3,2.5,1660.0,98122,6.024096385542169
1210,3,1.5,1350.0,98107,7.407407407407407
1211,4,3.0,2949.0,98103,3.39097999321804
1212,3,2.5,1718.0,98117,5.820721769499418
1213,2,1.0,1370.0,98119,7.299270072992701
1214,4,2.5,1822.0,98199,5.48847420417124
1215,2,1.0,800.0,98103,12.5
1216,1,1.0,718.0,98119,13.927576601671309
1217,2,2.0,909.0,98103,11.001100110011
1218,2,1.0,903.0,98146,11.074197120708748
1219,2,2.0,1297.0,98109,7.710100231303007
1220,3,2.0,2140.0,98133,4.672897196261682
1221,4,5.0,2970.0,98125,3.367003367003367
1222,2,2.0,900.0,98122,11.11111111111111
1223,2,2.0,2600.0,98122,3.8461538461538463
1224,2,1.0,1180.0,98106,8.474576271186441
1225,1,1.0,564.0,98103,17.73049645390071
1226,4,2.0,1700.0,98125,5.882352941176471
1227,3,3.0,1524.0,98122,6.561679790026247
1228,3,3.0,1410.0,98103,7.092198581560283
1229,1,1.0,831.0,98136,12.033694344163658
1230,5,3.0,3060.0,98118,3.2679738562091503
1231,2,2.0,1213.0,98117,8.244023083264633
1232,4,2.0,2352.0,98107,4.2517006802721085
1233,1,1.0,534.0,98178,18.726591760299627
1234,2,1.0,724.0,98102,13.812154696132596
1235,4,3.5,2304.0,98103,4.340277777777778
1236,3,1.0,1450.0,98115,6.896551724137931
1237,2,1.0,980.0,98168,10.204081632653061
1238,2,1.5,1550.0,98112,6.451612903225806
1239,1,1.0,704.0,98144,14.204545454545455
1240,1,1.5,1425.0,98102,7.017543859649122
1241,1,1.0,794.0,98101,12.594458438287154
1242,5,3.5,4060.0,98116,2.4630541871921183
1243,2,2.0,979.0,98199,10.21450459652707
1244,4,2.0,1830.0,98136,5.46448087431694
1245,2,1.0,1260.0,98133,7.936507936507937
1246,2,1.0,1027.0,98115,9.737098344693282
1247,5,2.0,3210.0,98115,3.115264797507788
1248,2,1.0,968.0,98115,10.330578512396695
1249,3,2.0,1049.0,98112,9.532888465204957
1250,2,1.5,1054.0,98109,9.487666034155598
1251,2,2.0,1586.0,98101,6.305170239596469
1252,4,2.0,1760.0,98115,5.681818181818182
1253,2,1.0,860.0,98178,11.627906976744185
1254,4,2.5,1560.0,98144,6.410256410256411
1255,4,3.0,3110.0,98119,3.215434083601286
1256,3,2.0,1440.0,98115,6.944444444444445
1257,3,2.0,1500.0,98136,6.666666666666667
1258,3,1.5,2160.0,98117,4.62962962962963
1259,4,5.5,3100.0,98125,3.225806451612903
1260,1,1.0,522.0,98107,19.157088122605366
1261,3,2.0,1560.0,98117,6.410256410256411
1262,3,3.0,3400.0,98136,2.9411764705882355
1263,2,2.0,1761.0,98115,5.6785917092561045
1264,2,1.5,1076.0,98125,9.293680297397769
1265,2,2.0,1217.0,98199,8.216926869350862
1266,3,3.5,1450.0,98126,6.896551724137931
1267,2,1.0,1000.0,98112,10.0
1268,2,2.5,1124.0,98115,8.896797153024911
1269,4,3.5,3070.0,98144,3.257328990228013
1270,1,1.0,480.0,98109,20.833333333333332
1271,3,2.0,1860.0,98105,5.376344086021505
1272,2,1.0,740.0,98126,13.513513513513514
1273,3,2.0,1440.0,98133,6.944444444444445
1274,1,1.0,758.0,98103,13.192612137203167
1275,3,1.0,1340.0,98117,7.462686567164179
1276,3,3.0,1700.0,98136,5.882352941176471
1277,4,3.5,2950.0,98105,3.389830508474576
1278,1,1.0,616.0,98102,16.233766233766232
1279,3,2.5,4240.0,98116,2.358490566037736
1280,4,3.5,3495.0,98144,2.8612303290414878
1281,3,3.0,2560.0,98112,3.90625
1282,3,3.0,2040.0,98117,4.901960784313726
1283,3,1.0,890.0,98126,11.235955056179776
1284,3,1.5,1730.0,98115,5.780346820809249
1285,1,1.0,816.0,98109,12.254901960784315
1286,4,2.0,2400.0,98177,4.166666666666667
1287,3,2.5,1270.0,98144,7.874015748031496
1288,4,3.0,1830.0,98107,5.46448087431694
1289,3,2.5,2470.0,98126,4.048582995951417
1290,4,4.0,2300.0,98115,4.3478260869565215
1291,4,2.5,1600.0,98105,6.25
1292,1,1.0,510.0,98104,19.607843137254903
1293,2,2.0,1387.0,98116,7.209805335255948
1294,3,2.5,2230.0,98178,4.484304932735426
1295,1,1.0,956.0,98104,10.460251046025105
1296,3,3.0,1872.0,98107,5.3418803418803416
1297,4,5.0,2030.0,98106,4.926108374384237
1298,4,2.0,1980.0,98136,5.05050505050505
1299,3,3.0,1180.0,98116,8.474576271186441
1300,4,2.5,2630.0,98122,3.802281368821293
1301,4,2.0,2010.0,98115,4.975124378109452
1302,4,3.5,3487.0,98136,2.8677946659019216
1303,4,2.0,2570.0,98112,3.8910505836575875
1304,2,2.0,1440.0,98168,6.944444444444445
1305,2,2.0,1131.0,98103,8.841732979664014
1306,2,1.0,1440.0,98133,6.944444444444445
1307,3,3.5,2010.0,98117,4.975124378109452
1308,2,3.0,1073.0,98133,9.319664492078285
1309,4,3.5,3300.0,98125,3.0303030303030303
1310,4,2.0,3040.0,98199,3.289473684210526
1311,4,2.5,2500.0,98146,4.0
1312,4,1.0,1810.0,98126,5.524861878453039
1313,2,2.0,1878.0,98119,5.324813631522897
1314,3,2.0,1411.0,98104,7.087172218284905
1315,3,1.0,3960.0,98118,2.525252525252525
1316,3,1.0,1000.0,98136,10.0
1317,5,2.0,2300.0,98105,4.3478260869565215
1318,2,2.5,890.0,98146,11.235955056179776
1319,5,3.0,2820.0,98117,3.5460992907801416
1320,3,1.0,1620.0,98118,6.172839506172839
1321,3,2.0,1470.0,98136,6.802721088435374
1322,2,2.5,1088.0,98133,9.191176470588236
1323,5,2.0,2160.0,98106,4.62962962962963
1324,3,3.5,3105.0,98112,3.2206119162640903
1325,2,2.0,1200.0,98122,8.333333333333334
1326,2,2.0,1240.0,98117,8.064516129032258
1327,3,2.5,1550.0,98122,6.451612903225806
1328,7,4.0,2300.0,98122,4.3478260869565215
1329,4,3.0,2466.0,98115,4.0551500405515
1330,2,2.0,1817.0,98102,5.5035773252614195
1331,4,3.0,1500.0,98122,6.666666666666667
1332,4,2.0,2380.0,98144,4.201680672268908
1333,2,2.0,1524.0,98108,6.561679790026247
1334,3,2.5,1370.0,98117,7.299270072992701
1335,3,2.0,1449.0,98107,6.901311249137336
1336,2,2.0,1140.0,98103,8.771929824561404
1337,3,2.5,1010.0,98118,9.900990099009901
1338,9,5.0,3014.0,98178,3.3178500331785004
1339,3,3.5,1450.0,98118,6.896551724137931
1340,2,2.0,1248.0,98122,8.012820512820513
1341,4,2.0,2600.0,98117,3.8461538461538463
1342,3,2.0,1328.0,98103,7.530120481927711
1343,1,1.0,614.0,98109,16.286644951140065
1344,4,3.0,2481.0,98115,4.030632809351068
1345,4,1.0,1420.0,98178,7.042253521126761
1346,4,3.0,2040.0,98117,4.901960784313726
1347,3,3.0,1390.0,98126,7.194244604316546
1348,2,3.0,920.0,98107,10.869565217391305
1349,4,3.5,1835.0,98103,5.449591280653951
1350,4,2.0,1840.0,98103,5.434782608695652
1351,3,2.5,3020.0,98177,3.3112582781456954
1352,3,2.0,2520.0,98115,3.9682539682539684
1353,4,5.0,2240.0,98108,4.464285714285714
1354,3,3.5,1644.0,98112,6.082725060827251
1355,3,2.5,1880.0,98106,5.319148936170213
1356,2,2.0,995.0,98144,10.050251256281408
1357,1,1.0,568.0,98104,17.6056338028169
1358,2,3.0,1226.0,98144,8.156606851549755
1359,2,1.0,730.0,98105,13.698630136986301
1360,4,2.0,1500.0,98133,6.666666666666667
1361,3,2.0,2080.0,98108,4.8076923076923075
1362,3,3.0,1425.0,98177,7.017543859649122
1363,4,2.5,3840.0,98177,2.6041666666666665
1364,4,3.0,2074.0,98126,4.821600771456123
1365,5,3.0,3556.0,98115,2.81214848143982
1366,1,1.0,1100.0,98107,9.090909090909092
1367,2,1.0,730.0,98106,13.698630136986301
1368,4,2.0,1170.0,98178,8.547008547008547
1369,4,3.0,2240.0,98118,4.464285714285714
1370,4,2.0,1750.0,98115,5.714285714285714
1371,2,2.0,1695.0,98126,5.899705014749262
1372,5,3.0,2480.0,98117,4.032258064516129
1373,4,2.5,1420.0,98103,7.042253521126761
1374,2,1.0,990.0,98133,10.1010101010101
1375,2,1.0,1520.0,98117,6.578947368421052
1376,5,2.0,2100.0,98108,4.761904761904762
1377,3,3.0,1740.0,98136,5.747126436781609
1378,2,2.0,1760.0,98108,5.681818181818182
1379,2,2.0,1021.0,98101,9.79431929480901
1380,4,3.5,3018.0,98103,3.313452617627568
1381,2,1.5,1024.0,98115,9.765625
1382,1,1.0,945.0,98109,10.582010582010582
1383,2,1.0,2380.0,98108,4.201680672268908
1384,5,5.0,3810.0,98177,2.6246719160104988
1385,2,2.5,1048.0,98112,9.541984732824428
1386,3,1.5,1610.0,98122,6.211180124223603
1387,1,1.0,701.0,98115,14.265335235378032
1388,4,2.5,2213.0,98107,4.518752824220515
1389,2,2.0,1071.0,98119,9.337068160597573
1390,2,1.0,850.0,98107,11.764705882352942
1391,3,3.0,1280.0,98103,7.8125
1392,3,1.0,980.0,98119,10.204081632653061
1393,4,3.5,3840.0,98118,2.6041666666666665
1394,2,2.0,1006.0,98112,9.940357852882704
1395,4,2.0,1450.0,98109,6.896551724137931
1396,4,2.0,2140.0,98136,4.672897196261682
1397,4,3.0,2480.0,98103,4.032258064516129
1398,5,2.0,2420.0,98117,4.132231404958677
1399,3,4.5,1760.0,98109,5.681818181818182
1400,2,2.0,1170.0,98144,8.547008547008547
1401,3,2.0,1730.0,98125,5.780346820809249
1402,1,1.0,376.0,98199,26.595744680851062
1403,1,1.0,636.0,98102,15.723270440251572
1404,3,2.0,1940.0,98107,5.154639175257732
1405,4,2.5,3400.0,98112,2.9411764705882355
1406,3,2.0,1360.0,98125,7.352941176470588
1407,2,2.0,875.0,98116,11.428571428571429
1408,6,2.0,2230.0,98118,4.484304932735426
1409,5,2.0,4190.0,98119,2.386634844868735
1410,3,2.5,2220.0,98117,4.504504504504505
1411,2,1.0,830.0,98117,12.048192771084338
1412,3,2.5,2090.0,98108,4.784688995215311
1413,3,1.0,1210.0,98119,8.264462809917354
1414,2,1.0,691.0,98102,14.47178002894356
1415,3,2.5,1820.0,98118,5.4945054945054945
1416,4,2.5,3105.0,98115,3.2206119162640903
1417,4,2.0,1680.0,98178,5.9523809523809526
1418,3,2.0,2495.0,98105,4.008016032064128
1419,5,3.0,2450.0,98144,4.081632653061225
1420,4,2.0,2787.0,98122,3.588087549336204
1421,5,3.5,3310.0,98102,3.0211480362537766
1422,2,2.0,1699.0,98109,5.885815185403178
1423,5,4.0,3180.0,98105,3.1446540880503147
1424,5,2.5,3350.0,98126,2.985074626865672
1425,2,2.0,1365.0,98122,7.326007326007326
1426,3,3.0,1660.0,98117,6.024096385542169
1427,3,1.5,1880.0,98118,5.319148936170213
1428,1,1.0,580.0,98102,17.24137931034483
1429,3,2.0,1270.0,98146,7.874015748031496
1430,3,1.0,860.0,98125,11.627906976744185
1431,1,1.0,580.0,98122,17.24137931034483
1432,3,3.5,1840.0,98117,5.434782608695652
1433,1,1.0,615.0,98199,16.260162601626018
1434,5,3.0,2140.0,98125,4.672897196261682
1435,2,2.0,1437.0,98122,6.958942240779401
1436,2,1.5,1390.0,98107,7.194244604316546
1437,2,1.5,870.0,98115,11.494252873563218
1438,5,4.5,2840.0,98112,3.5211267605633805
1439,3,2.0,2260.0,98107,4.424778761061947
1440,2,2.0,886.0,98116,11.286681715575622
1441,1,1.0,505.0,98102,19.801980198019802
1442,2,1.0,1048.0,98121,9.541984732824428
1443,4,2.0,1800.0,98117,5.555555555555555
1444,2,2.0,1390.0,98116,7.194244604316546
1445,3,2.5,2600.0,98136,3.8461538461538463
1446,4,2.0,2640.0,98168,3.787878787878788
1447,2,1.5,1020.0,98102,9.803921568627452
1448,3,3.0,2630.0,98115,3.802281368821293
1449,4,3.5,2910.0,98144,3.4364261168384878
1450,3,2.0,1580.0,98116,6.329113924050633
1451,2,1.0,885.0,98105,11.299435028248588
1452,3,2.0,2100.0,98116,4.761904761904762
1453,4,2.0,2010.0,98105,4.975124378109452
1454,4,2.0,1480.0,98126,6.756756756756757
1455,3,2.0,1560.0,98117,6.410256410256411
1456,1,1.0,889.0,98121,11.24859392575928
1457,1,1.0,664.0,98102,15.060240963855422
1458,2,2.0,804.0,98107,12.437810945273633
1459,4,2.0,2080.0,98105,4.8076923076923075
1460,2,1.0,910.0,98117,10.989010989010989
1461,3,2.5,1620.0,98106,6.172839506172839
1462,3,3.5,1970.0,98105,5.0761421319796955
1463,3,2.0,1720.0,98116,5.813953488372093
1464,4,2.0,1545.0,98103,6.472491909385114
1465,3,2.5,1710.0,98115,5.847953216374269
1466,1,2.0,1141.0,98122,8.76424189307625
1467,2,3.0,1276.0,98106,7.836990595611285
1468,2,1.5,1978.0,98118,5.055611729019211
1469,2,1.0,1060.0,98125,9.433962264150944
1470,5,3.5,3220.0,98103,3.1055900621118013
1471,4,2.0,1170.0,98168,8.547008547008547
1472,3,2.0,1770.0,98118,5.649717514124294
1473,2,2.0,1420.0,98107,7.042253521126761
1474,4,2.5,2980.0,98125,3.3557046979865772
1475,4,1.5,1630.0,98133,6.134969325153374
1476,1,1.0,743.0,98102,13.458950201884253
1477,2,1.0,680.0,98125,14.705882352941176
1478,2,1.0,900.0,98168,11.11111111111111
1479,1,1.0,635.0,98121,15.748031496062993
1480,5,3.5,3400.0,98109,2.9411764705882355
1481,3,2.0,1300.0,98103,7.6923076923076925
1482,2,2.0,1094.0,98122,9.140767824497258
1483,3,2.5,1763.0,98117,5.672149744753262
1484,2,1.0,940.0,98118,10.638297872340425
1485,3,2.5,1820.0,98103,5.4945054945054945
1486,1,1.0,650.0,98121,15.384615384615385
1487,2,2.0,1200.0,98122,8.333333333333334
1488,3,2.0,1939.0,98109,5.157297576070139
1489,4,2.0,1780.0,98117,5.617977528089888
1490,3,2.0,2370.0,98119,4.219409282700422
1491,2,2.5,1411.0,98117,7.087172218284905
1492,2,1.0,512.0,98103,19.53125
1493,4,2.5,2360.0,98199,4.237288135593221
1494,3,2.0,2630.0,98117,3.802281368821293
1495,5,3.0,2700.0,98119,3.7037037037037037
1496,1,1.0,605.0,98103,16.52892561983471
1497,2,1.0,767.0,98136,13.03780964797914
1498,2,1.0,1015.0,98102,9.852216748768473
1499,2,2.0,1245.0,98168,8.032128514056225
1500,1,1.0,513.0,98121,19.49317738791423
1501,1,1.0,780.0,98106,12.820512820512821
1502,4,3.0,2050.0,98136,4.878048780487805
1503,2,2.0,1060.0,98117,9.433962264150944
1504,2,2.0,950.0,98117,10.526315789473685
1505,3,1.5,1870.0,98168,5.347593582887701
1506,3,2.5,1060.0,98117,9.433962264150944
1507,3,2.5,1860.0,98103,5.376344086021505
1508,3,1.5,1420.0,98117,7.042253521126761
1509,3,1.0,1390.0,98144,7.194244604316546
1510,3,2.0,1096.0,98117,9.124087591240876
1511,3,1.0,1100.0,98106,9.090909090909092
1512,3,1.0,1010.0,98178,9.900990099009901
1513,3,3.5,1730.0,98117,5.780346820809249
1514,2,1.5,1480.0,98118,6.756756756756757
1515,3,2.0,1890.0,98106,5.291005291005291
1516,4,2.0,2500.0,98144,4.0
1517,4,3.5,2840.0,98108,3.5211267605633805
1518,3,2.0,1608.0,98103,6.218905472636816
1519,2,2.5,1701.0,98112,5.878894767783657
1520,1,1.0,376.0,98199,26.595744680851062
1521,1,2.0,1250.0,98116,8.0
1522,3,2.5,1790.0,98117,5.58659217877095
1523,4,2.0,1670.0,98106,5.9880239520958085
1524,3,2.0,1640.0,98136,6.097560975609756
1525,4,4.5,3228.0,98119,3.097893432465923
1526,4,2.0,1720.0,98118,5.813953488372093
1527,4,2.0,2060.0,98168,4.854368932038835
1528,3,2.0,1840.0,98115,5.434782608695652
1529,4,3.5,3180.0,98122,3.1446540880503147
1530,3,3.0,1760.0,98125,5.681818181818182
1531,2,1.0,1350.0,98115,7.407407407407407
1532,2,2.0,1403.0,98125,7.127583749109052
1533,3,2.0,1740.0,98199,5.747126436781609
1534,3,2.0,1490.0,98107,6.7114093959731544
1535,3,3.0,2380.0,98199,4.201680672268908
1536,1,1.0,815.0,98121,12.269938650306749
1537,4,3.5,2900.0,98125,3.4482758620689653
1538,5,3.0,2370.0,98118,4.219409282700422
1539,4,1.0,2470.0,98178,4.048582995951417
1540,4,1.0,1740.0,98119,5.747126436781609
1541,1,1.0,690.0,98133,14.492753623188406
1542,5,3.5,2610.0,98118,3.8314176245210727
1543,4,3.5,2015.0,98116,4.962779156327543
1544,5,3.5,3880.0,98112,2.577319587628866
1545,4,2.0,2280.0,98168,4.385964912280702
1546,4,3.0,2570.0,98105,3.8910505836575875
1547,5,2.0,2740.0,98103,3.6496350364963503
1548,2,2.0,1469.0,98115,6.807351940095303
1549,3,2.5,2860.0,98126,3.4965034965034967
1550,2,2.0,1479.0,98116,6.761325219743069
1551,5,4.5,3370.0,98117,2.9673590504451037
1552,3,1.0,1300.0,98109,7.6923076923076925
1553,2,1.0,780.0,98118,12.820512820512821
1554,5,6.0,6990.0,98103,1.4306151645207439
1555,2,2.5,867.0,98115,11.534025374855824
1556,2,2.0,1217.0,98199,8.216926869350862
1557,3,2.5,2120.0,98122,4.716981132075472
1558,2,2.0,1042.0,98101,9.596928982725528
1559,2,2.0,1163.0,98117,8.598452278589853
1560,3,3.5,1580.0,98144,6.329113924050633
1561,3,2.0,1740.0,98115,5.747126436781609
1562,4,3.0,1810.0,98116,5.524861878453039
1563,1,1.0,1186.0,98109,8.431703204047217
1564,3,1.0,1177.0,98126,8.496176720475786
1565,2,1.5,770.0,98116,12.987012987012987
1566,4,2.0,1870.0,98199,5.347593582887701
1567,1,1.0,696.0,98115,14.367816091954023
1568,3,2.5,1380.0,98126,7.246376811594203
1569,2,1.0,1650.0,98106,6.0606060606060606
1570,3,2.0,1640.0,98106,6.097560975609756
1571,3,3.5,1360.0,98103,7.352941176470588
1572,3,1.0,970.0,98177,10.309278350515465
1573,1,1.0,490.0,98104,20.408163265306122
1574,5,2.0,2180.0,98122,4.587155963302752
1575,4,3.5,2970.0,98103,3.367003367003367
1576,4,2.0,2340.0,98103,4.273504273504273
1577,3,3.0,1420.0,98115,7.042253521126761
1578,3,2.5,1520.0,98108,6.578947368421052
1579,2,2.0,1242.0,98122,8.051529790660226
1580,4,3.0,3410.0,98144,2.932551319648094
1581,4,1.0,1150.0,98118,8.695652173913043
1582,1,1.0,691.0,98115,14.47178002894356
1583,3,2.0,1170.0,98144,8.547008547008547
1584,3,2.0,1360.0,98125,7.352941176470588
1585,2,2.0,1200.0,98125,8.333333333333334
1586,4,2.0,2680.0,98177,3.7313432835820897
1587,2,1.0,670.0,98126,14.925373134328359
1588,1,1.0,545.0,98122,18.34862385321101
1589,3,3.5,1240.0,98116,8.064516129032258
1590,1,1.0,700.0,98109,14.285714285714286
1591,4,3.0,2940.0,98126,3.401360544217687
1592,2,2.0,1187.0,98115,8.424599831508003
1593,4,2.0,1488.0,98115,6.720430107526882
1594,3,1.0,970.0,98146,10.309278350515465
1595,3,2.5,1681.0,98126,5.94883997620464
1596,2,2.0,1144.0,98107,8.741258741258742
1597,4,3.5,2860.0,98199,3.4965034965034967
1598,1,1.0,773.0,98102,12.936610608020699
1599,3,2.5,3100.0,98112,3.225806451612903
1600,4,3.5,2400.0,98103,4.166666666666667
1601,3,2.5,2920.0,98133,3.4246575342465753
1602,2,1.0,876.0,98116,11.415525114155251
1603,5,3.0,3450.0,98109,2.898550724637681
1604,3,2.5,1330.0,98107,7.518796992481203
1605,4,3.5,2440.0,98125,4.098360655737705
1606,3,3.5,1580.0,98144,6.329113924050633
1607,3,2.0,2299.0,98199,4.349717268377556
1608,1,1.0,594.0,98103,16.835016835016834
1609,1,1.0,475.0,98121,21.05263157894737
1610,5,3.0,2360.0,98103,4.237288135593221
1611,4,3.0,1780.0,98117,5.617977528089888
1612,3,2.0,2250.0,98105,4.444444444444445
1613,2,2.0,1073.0,98133,9.319664492078285
1614,5,3.0,1900.0,98118,5.2631578947368425
1615,5,2.5,3090.0,98105,3.236245954692557
1616,5,6.5,6240.0,98115,1.6025641025641026
1617,1,1.0,573.0,98121,17.452006980802793
1618,2,1.0,770.0,98115,12.987012987012987
1619,1,1.0,820.0,98121,12.195121951219512
1620,3,2.0,1622.0,98125,6.165228113440198
1621,2,1.0,1210.0,98144,8.264462809917354
1622,3,1.5,1240.0,98117,8.064516129032258
1623,3,3.0,2080.0,98108,4.8076923076923075
1624,2,2.0,875.0,98116,11.428571428571429
1625,1,1.0,597.0,98109,16.75041876046901
1626,2,2.0,1370.0,98168,7.299270072992701
1627,4,2.0,2425.0,98105,4.123711340206185
1628,4,2.5,1760.0,98144,5.681818181818182
1629,2,2.5,994.0,98136,10.060362173038229
1630,1,1.0,515.0,98109,19.41747572815534
1631,3,3.5,1660.0,98144,6.024096385542169
1632,4,2.0,1730.0,98126,5.780346820809249
1633,5,3.0,1790.0,98125,5.58659217877095
1634,1,1.0,715.0,98109,13.986013986013987
1635,2,2.0,1470.0,98126,6.802721088435374
1636,3,2.0,2440.0,98103,4.098360655737705
1637,4,2.0,2880.0,98103,3.4722222222222223
1638,3,2.0,1678.0,98103,5.959475566150179
1639,3,2.0,1400.0,98117,7.142857142857143
1640,6,4.5,5200.0,98144,1.9230769230769231
1641,1,1.0,806.0,98102,12.40694789081886
1642,4,3.0,2311.0,98115,4.327131112072696
1643,3,1.5,1060.0,98178,9.433962264150944
1644,2,1.0,1150.0,98118,8.695652173913043
1645,5,3.0,2580.0,98109,3.875968992248062
1646,4,3.5,3240.0,98105,3.0864197530864197
1647,5,3.5,3710.0,98199,2.6954177897574123
1648,4,3.5,1632.0,98136,6.127450980392157
1649,6,7.0,4641.0,98112,2.154708037060978
1650,3,3.5,1846.0,98107,5.417118093174431
1651,2,2.0,1353.0,98115,7.390983000739098
1652,3,2.0,1240.0,98117,8.064516129032258
1653,2,1.0,1760.0,98126,5.681818181818182
1654,2,3.0,1290.0,98199,7.751937984496124
1655,1,1.5,1285.0,98121,7.782101167315175
1656,4,2.5,3707.0,98177,2.697599136768276
1657,3,2.0,1120.0,98106,8.928571428571429
1658,6,5.0,3300.0,98105,3.0303030303030303
1659,3,2.0,2160.0,98115,4.62962962962963
1660,2,1.0,1440.0,98146,6.944444444444445
1661,5,2.0,2567.0,98144,3.8955979742890534
1662,3,2.0,1960.0,98103,5.1020408163265305
1663,3,3.5,1657.0,98144,6.035003017501508
1664,5,3.0,2610.0,98109,3.8314176245210727
1665,2,2.0,1213.0,98116,8.244023083264633
1666,1,1.0,777.0,98146,12.87001287001287
1667,3,3.5,1590.0,98144,6.289308176100629
1668,2,2.0,1893.0,98115,5.282620179609086
1669,3,1.5,1570.0,98117,6.369426751592357
1670,4,3.0,2440.0,98199,4.098360655737705
1671,4,4.0,3463.0,98112,2.887669650591972
1672,2,4.5,1840.0,98103,5.434782608695652
1673,2,2.0,1554.0,98115,6.435006435006435
1674,1,1.0,567.0,98144,17.63668430335097
1675,1,1.0,665.0,98109,15.037593984962406
1676,2,1.0,950.0,98144,10.526315789473685
1677,2,2.0,1371.0,98116,7.293946024799417
1678,3,2.0,2040.0,98144,4.901960784313726
1679,4,2.5,2780.0,98136,3.597122302158273
1680,5,3.5,3410.0,98115,2.932551319648094
1681,2,1.5,2280.0,98144,4.385964912280702
1682,3,2.0,2100.0,98168,4.761904761904762
1683,2,2.0,1101.0,98115,9.082652134423252
1684,4,3.5,1964.0,98115,5.091649694501018
1685,3,1.5,1030.0,98125,9.70873786407767
1686,2,2.0,1042.0,98144,9.596928982725528
1687,3,3.5,1740.0,98103,5.747126436781609
1688,1,2.0,1302.0,98121,7.680491551459293
1689,2,2.0,905.0,98121,11.049723756906078
1690,1,1.0,460.0,98108,21.73913043478261
1691,3,2.0,1540.0,98122,6.4935064935064934
1692,1,1.0,656.0,98109,15.24390243902439
1693,5,2.0,2800.0,98103,3.5714285714285716
1694,3,3.5,2480.0,98122,4.032258064516129
1695,5,3.0,2170.0,98168,4.608294930875576
1696,5,4.0,2447.0,98117,4.086636697997548
1697,3,2.0,2164.0,98117,4.621072088724584
1698,2,1.0,740.0,98126,13.513513513513514
1699,3,2.5,2080.0,98116,4.8076923076923075
1700,2,1.0,1800.0,98105,5.555555555555555
1701,2,2.0,1180.0,98106,8.474576271186441
1702,3,2.0,2020.0,98117,4.9504950495049505
1703,3,3.5,1150.0,98103,8.695652173913043
1704,3,2.0,1220.0,98107,8.19672131147541
1705,2,1.0,810.0,98146,12.345679012345679
1706,1,1.0,696.0,98119,14.367816091954023
1707,3,3.5,2030.0,98122,4.926108374384237
1708,5,3.5,3930.0,98133,2.544529262086514
1709,5,2.0,2920.0,98117,3.4246575342465753
1710,4,2.0,1460.0,98116,6.8493150684931505
1711,4,1.5,2770.0,98119,3.6101083032490973
1712,2,2.0,1523.0,98121,6.5659881812212735
1713,3,3.5,1690.0,98103,5.9171597633136095
1714,3,1.0,1170.0,98133,8.547008547008547
1715,4,2.0,2370.0,98125,4.219409282700422
1716,1,1.0,712.0,98121,14.044943820224718
1717,2,1.0,976.0,98106,10.245901639344263
1718,2,2.0,1042.0,98102,9.596928982725528
1719,2,2.0,1040.0,98102,9.615384615384615
1720,1,1.0,722.0,98112,13.850415512465373
1721,2,2.0,1367.0,98121,7.315288953913679
1722,1,1.0,733.0,98102,13.642564802182811
1723,2,1.0,970.0,98116,10.309278350515465
1724,3,2.0,1711.0,98125,5.844535359438924
1725,2,1.0,860.0,98125,11.627906976744185
1726,1,1.0,712.0,98109,14.044943820224718
1727,1,1.0,704.0,98144,14.204545454545455
1728,3,2.5,1790.0,98106,5.58659217877095
1729,3,2.0,2140.0,98115,4.672897196261682
1730,4,3.0,2040.0,98103,4.901960784313726
1731,3,2.0,1894.0,98144,5.279831045406547
1732,4,2.5,2750.0,98112,3.6363636363636362
1733,4,3.5,2900.0,98107,3.4482758620689653
1734,2,1.0,670.0,98106,14.925373134328359
1735,4,2.5,2190.0,98136,4.566210045662101
1736,4,1.5,1810.0,98133,5.524861878453039
1737,3,3.0,1440.0,98144,6.944444444444445
1738,3,2.0,2170.0,98178,4.608294930875576
1739,2,2.0,993.0,98103,10.070493454179255
1740,3,3.5,1450.0,98115,6.896551724137931
1741,4,3.5,2336.0,98115,4.280821917808219
1742,4,3.0,2320.0,98112,4.310344827586207
1743,3,2.0,1470.0,98106,6.802721088435374
1744,1,1.0,672.0,98107,14.880952380952381
1745,3,1.5,990.0,98122,10.1010101010101
1746,4,3.0,2110.0,98115,4.739336492890995
1747,3,1.0,1670.0,98136,5.9880239520958085
1748,3,2.0,2060.0,98126,4.854368932038835
1749,3,1.0,1920.0,98146,5.208333333333333
1750,3,2.5,2910.0,98109,3.4364261168384878
1751,2,1.5,912.0,98103,10.964912280701755
1752,1,1.0,645.0,98126,15.503875968992247
1753,2,2.5,1160.0,98103,8.620689655172415
1754,3,1.0,2280.0,98116,4.385964912280702
1755,3,2.5,1515.0,98102,6.600660066006601
1756,3,2.5,2600.0,98146,3.8461538461538463
1757,3,2.0,1000.0,98122,10.0
1758,2,1.0,672.0,98168,14.880952380952381
1759,2,2.0,1320.0,98119,7.575757575757576
1760,3,2.0,2190.0,98106,4.566210045662101
1761,1,2.0,1517.0,98105,6.591957811470007
1762,4,2.0,2160.0,98122,4.62962962962963
1763,4,1.0,2290.0,98103,4.366812227074236
1764,3,1.0,1920.0,98117,5.208333333333333
1765,3,3.0,1540.0,98115,6.4935064935064934
1766,2,2.0,983.0,98102,10.172939979654121
1767,2,1.5,1670.0,98117,5.9880239520958085
1768,2,2.0,880.0,98103,11.363636363636363
1769,2,2.0,1526.0,98109,6.553079947575361
1770,1,1.0,569.0,98104,17.57469244288225
1771,4,3.0,2700.0,98199,3.7037037037037037
1772,2,2.5,2282.0,98168,4.382120946538125
1773,7,3.5,4530.0,98103,2.207505518763797
1774,1,1.0,698.0,98121,14.326647564469914
1775,3,2.0,1590.0,98117,6.289308176100629
1776,2,1.0,770.0,98116,12.987012987012987
1777,3,2.0,2840.0,98199,3.5211267605633805
1778,6,3.0,2350.0,98118,4.25531914893617
1779,1,1.0,630.0,98104,15.873015873015873
1780,1,1.0,482.0,98109,20.74688796680498
1781,4,3.5,4350.0,98136,2.2988505747126435
1782,1,3.0,1730.0,98118,5.780346820809249
1783,1,1.0,761.0,98109,13.140604467805518
1784,3,2.0,1684.0,98117,5.938242280285036
1785,3,2.5,2040.0,98136,4.901960784313726
1786,2,2.0,1057.0,98105,9.460737937559129
1787,3,2.0,2256.0,98119,4.432624113475177
1788,4,2.0,1900.0,98118,5.2631578947368425
1789,2,1.0,760.0,98115,13.157894736842104
1790,2,1.0,780.0,98146,12.820512820512821
1791,4,3.0,3020.0,98106,3.3112582781456954
1792,1,2.5,2220.0,98103,4.504504504504505
1793,2,2.0,877.0,98115,11.402508551881414
1794,4,2.0,1530.0,98118,6.5359477124183005
1795,2,1.0,850.0,98118,11.764705882352942
1796,3,2.5,1860.0,98136,5.376344086021505
1797,2,2.0,980.0,98118,10.204081632653061
1798,3,2.0,1470.0,98107,6.802721088435374
1799,2,1.0,980.0,98144,10.204081632653061
1800,2,2.0,1003.0,98121,9.970089730807578
1801,3,1.0,996.0,98125,10.040160642570282
1802,1,1.0,980.0,98106,10.204081632653061
1803,4,1.5,2380.0,98117,4.201680672268908
1804,2,2.0,2470.0,98102,4.048582995951417
1805,4,4.0,2120.0,98136,4.716981132075472
1806,2,2.5,840.0,98115,11.904761904761905
1807,4,5.0,1910.0,98177,5.2356020942408374
1808,2,1.0,1380.0,98106,7.246376811594203
1809,4,5.0,2390.0,98117,4.184100418410042
1810,4,3.0,2840.0,98122,3.5211267605633805
1811,2,1.0,875.0,98115,11.428571428571429
1812,3,2.5,1813.0,98116,5.515719801434087
1813,3,3.5,2996.0,98115,3.3377837116154874
1814,5,3.5,5020.0,98126,1.9920318725099602
1815,3,2.0,1498.0,98122,6.675567423230975
1816,2,1.0,711.0,98107,14.064697609001406
1817,4,3.0,2740.0,98115,3.6496350364963503
1818,3,2.0,1328.0,98103,7.530120481927711
1819,2,2.0,1332.0,98199,7.5075075075075075
1820,3,2.0,2020.0,98117,4.9504950495049505
1821,1,1.0,916.0,98121,10.91703056768559
1822,2,2.0,1546.0,98108,6.468305304010349
1823,4,3.0,2970.0,98118,3.367003367003367
1824,3,3.5,1615.0,98133,6.191950464396285
1825,2,2.0,1170.0,98144,8.547008547008547
1826,3,2.0,1350.0,98136,7.407407407407407
1827,2,2.0,1143.0,98107,8.748906386701663
1828,3,2.5,1220.0,98109,8.19672131147541
1829,4,1.5,2100.0,98199,4.761904761904762
1830,4,1.5,3200.0,98117,3.125
1831,1,2.0,1137.0,98119,8.795074758135444
1832,3,2.0,2930.0,98146,3.4129692832764507
1833,2,1.0,808.0,98115,12.376237623762377
1834,4,4.0,2550.0,98117,3.9215686274509802
1835,2,2.0,789.0,98107,12.67427122940431
1836,3,3.0,2546.0,98109,3.927729772191673
1837,2,1.0,680.0,98146,14.705882352941176
1838,2,1.5,1000.0,98117,10.0
1839,3,2.0,1676.0,98115,5.966587112171838
1840,2,1.0,985.0,98121,10.152284263959391
1841,1,1.0,750.0,98116,13.333333333333334
1842,1,1.0,843.0,98125,11.862396204033216
1843,4,2.0,3220.0,98177,3.1055900621118013
1844,2,2.0,2340.0,98105,4.273504273504273
1845,1,1.0,543.0,98109,18.41620626151013
1846,5,3.0,4040.0,98105,2.4752475247524752
1847,2,1.0,990.0,98108,10.1010101010101
1848,4,4.0,2850.0,98105,3.508771929824561
1849,4,2.5,1620.0,98126,6.172839506172839
1850,1,1.0,514.0,98122,19.455252918287936
1851,2,1.0,1240.0,98116,8.064516129032258
1852,3,2.5,1620.0,98112,6.172839506172839
1853,3,3.0,1608.0,98126,6.218905472636816
1854,4,1.0,1530.0,98117,6.5359477124183005
1855,4,2.0,2270.0,98119,4.405286343612334
1856,1,1.0,908.0,98107,11.013215859030836
1857,2,1.0,1180.0,98122,8.474576271186441
1858,1,1.0,672.0,98107,14.880952380952381
1859,3,1.5,998.0,98117,10.02004008016032
1860,4,2.0,2220.0,98144,4.504504504504505
1861,1,1.0,700.0,98119,14.285714285714286
1862,7,6.0,7636.0,98103,1.3095861707700367
1863,4,5.5,3530.0,98118,2.8328611898016995
1864,3,2.0,1620.0,98117,6.172839506172839
1865,4,3.0,1620.0,98117,6.172839506172839
1866,2,2.0,1138.0,98126,8.787346221441124
1867,1,1.0,669.0,98121,14.947683109118087
1868,4,3.5,2600.0,98108,3.8461538461538463
1869,3,2.0,1960.0,98115,5.1020408163265305
1870,2,2.0,950.0,98106,10.526315789473685
1871,2,2.0,1410.0,98112,7.092198581560283
1872,2,1.5,1022.0,98144,9.784735812133073
1873,4,2.0,2840.0,98126,3.5211267605633805
1874,1,1.0,712.0,98116,14.044943820224718
1875,5,2.0,1920.0,98118,5.208333333333333
1876,3,3.5,3880.0,98199,2.577319587628866
1877,3,2.0,1010.0,98106,9.900990099009901
1878,6,4.0,3300.0,98103,3.0303030303030303
1879,3,1.0,1070.0,98178,9.345794392523365
1880,3,1.0,1270.0,98117,7.874015748031496
1881,3,2.0,1413.0,98103,7.077140835102618
1882,3,2.5,1820.0,98115,5.4945054945054945
1883,2,2.0,1415.0,98125,7.067137809187279
1884,3,3.0,2212.0,98109,4.520795660036167
1885,3,3.5,3290.0,98126,3.0395136778115504
1886,2,2.0,1391.0,98115,7.1890726096333575
1887,2,2.0,1372.0,98125,7.288629737609329
1888,2,1.5,960.0,98199,10.416666666666666
1889,3,2.5,1890.0,98144,5.291005291005291
1890,4,3.0,2230.0,98115,4.484304932735426
1891,1,1.5,952.0,98101,10.504201680672269
1892,2,1.0,925.0,98103,10.81081081081081
1893,4,2.0,1820.0,98117,5.4945054945054945
1894,8,4.5,3600.0,98105,2.7777777777777777
1895,2,2.5,1305.0,98116,7.662835249042145
1896,3,2.0,1840.0,98117,5.434782608695652
1897,1,1.0,782.0,98101,12.787723785166241
1898,2,2.5,1040.0,98117,9.615384615384615
1899,2,2.0,1050.0,98103,9.523809523809524
1900,2,2.0,1019.0,98119,9.813542688910697
1901,4,2.5,3198.0,98103,3.1269543464665417
1902,1,1.0,557.0,98105,17.953321364452425
1903,2,2.5,950.0,98107,10.526315789473685
1904,3,1.0,1050.0,98117,9.523809523809524
1905,1,1.0,533.0,98126,18.76172607879925
1906,3,1.0,860.0,98178,11.627906976744185
1907,4,3.0,1890.0,98144,5.291005291005291
1908,2,2.5,1138.0,98126,8.787346221441124
1909,4,2.0,1830.0,98146,5.46448087431694
1910,2,1.0,1980.0,98144,5.05050505050505
1911,3,5.5,1730.0,98105,5.780346820809249
1912,3,3.0,2462.0,98117,4.061738424045491
1913,3,3.5,1300.0,98106,7.6923076923076925
1914,4,2.0,1550.0,98103,6.451612903225806
1915,3,3.5,1679.0,98126,5.955926146515783
1916,3,1.0,1220.0,98116,8.19672131147541
1917,3,1.5,1540.0,98178,6.4935064935064934
1918,3,2.0,1520.0,98116,6.578947368421052
1919,3,1.0,1320.0,98168,7.575757575757576
1920,2,1.0,1290.0,98103,7.751937984496124
1921,3,2.5,1870.0,98117,5.347593582887701
1922,3,3.5,1762.0,98102,5.675368898978434
1923,3,1.0,1240.0,98118,8.064516129032258
1924,3,1.5,1307.0,98125,7.651109410864575
1925,2,2.0,1167.0,98107,8.56898029134533
1926,2,1.5,1070.0,98103,9.345794392523365
1927,2,1.0,1820.0,98125,5.4945054945054945
1928,3,2.0,1790.0,98115,5.58659217877095
1929,5,3.5,3700.0,98119,2.7027027027027026
1930,4,3.5,3340.0,98144,2.9940119760479043
1931,4,2.5,2250.0,98106,4.444444444444445
1932,3,2.0,1799.0,98103,5.558643690939411
1933,1,1.0,584.0,98199,17.123287671232877
1934,5,2.5,4639.0,98112,2.155636990730761
1935,3,1.0,1810.0,98178,5.524861878453039
1936,1,1.0,907.0,98119,11.025358324145534
1937,3,2.0,2120.0,98117,4.716981132075472
1938,1,1.0,616.0,98101,16.233766233766232
1939,6,6.0,1780.0,98168,5.617977528089888
1940,4,2.0,2630.0,98115,3.802281368821293
1941,5,3.0,3060.0,98116,3.2679738562091503
1942,3,2.0,2700.0,98178,3.7037037037037037
1943,5,4.0,2030.0,98144,4.926108374384237
1944,3,2.5,1620.0,98122,6.172839506172839
1945,5,4.5,5704.0,98119,1.753155680224404
1946,2,1.0,700.0,98117,14.285714285714286
1947,2,3.0,1260.0,98117,7.936507936507937
1948,4,2.0,1770.0,98115,5.649717514124294
1949,4,2.5,1812.0,98136,5.518763796909492
1950,1,1.0,648.0,98121,15.432098765432098
1951,2,2.0,840.0,98144,11.904761904761905
1952,3,2.0,2100.0,98136,4.761904761904762
1953,5,3.0,2550.0,98125,3.9215686274509802
1954,1,1.0,774.0,98146,12.919896640826874
1955,2,2.5,1736.0,98122,5.76036866359447
1956,3,2.5,2198.0,98144,4.549590536851683
1957,2,1.0,770.0,98125,12.987012987012987
1958,2,2.0,1150.0,98107,8.695652173913043
1959,3,2.0,2330.0,98103,4.291845493562231
1960,5,4.5,4693.0,98122,2.1308331557639035
1961,3,3.0,1790.0,98125,5.58659217877095
1962,4,3.5,2960.0,98103,3.3783783783783785
1963,1,1.0,591.0,98119,16.920473773265652
1964,2,2.0,1391.0,98109,7.1890726096333575
1965,3,2.0,1160.0,98178,8.620689655172415
1966,1,1.0,720.0,98126,13.88888888888889
1967,1,1.0,701.0,98115,14.265335235378032
1968,4,2.0,2570.0,98103,3.8910505836575875
1969,3,2.0,1611.0,98107,6.207324643078833
1970,4,2.5,2474.0,98115,4.042037186742118
1971,3,2.0,1300.0,98144,7.6923076923076925
1972,2,2.5,840.0,98144,11.904761904761905
1973,2,2.0,1100.0,98107,9.090909090909092
1974,3,2.5,2730.0,98122,3.663003663003663
1975,2,2.0,1004.0,98125,9.9601593625498
1976,3,3.0,1650.0,98103,6.0606060606060606
1977,3,3.0,1650.0,98103,6.0606060606060606
1978,4,1.0,1850.0,98118,5.405405405405405
1979,5,3.5,4050.0,98119,2.4691358024691357
1980,1,1.0,865.0,98112,11.560693641618498
1981,2,2.0,1252.0,98121,7.987220447284345
1982,3,3.0,1790.0,98109,5.58659217877095
1983,5,3.0,2020.0,98119,4.9504950495049505
1984,3,1.5,1280.0,98144,7.8125
1985,4,2.0,1630.0,98116,6.134969325153374
1986,3,3.5,1460.0,98117,6.8493150684931505
1987,3,2.0,1210.0,98103,8.264462809917354
1988,4,2.0,2080.0,98116,4.8076923076923075
1989,4,2.0,3542.0,98144,2.82326369282891
1990,3,1.5,2200.0,98117,4.545454545454546
1991,1,1.0,603.0,98133,16.58374792703151
1992,2,2.0,1456.0,98199,6.868131868131868
1993,2,2.5,1169.0,98117,8.554319931565441
1994,2,1.0,1770.0,98103,5.649717514124294
1995,4,2.0,1641.0,98118,6.0938452163315056
1996,1,1.0,600.0,98122,16.666666666666668
1997,2,1.5,860.0,98122,11.627906976744185
1998,4,3.5,4990.0,98112,2.004008016032064
1999,3,2.0,1749.0,98125,5.717552887364208
2000,3,4.0,1580.0,98144,6.329113924050633
2001,3,2.5,2340.0,98177,4.273504273504273
2002,6,3.0,2440.0,98144,4.098360655737705
2003,1,1.0,705.0,98103,14.184397163120567
2004,2,2.0,1227.0,98115,8.149959250203748
2005,5,4.0,2734.0,98115,3.6576444769568397
2006,2,2.0,839.0,98125,11.918951132300357
2007,3,1.0,1120.0,98178,8.928571428571429
2008,3,2.0,1482.0,98117,6.747638326585695
2009,3,3.5,1680.0,98126,5.9523809523809526
2010,2,2.0,1400.0,98199,7.142857142857143
2011,3,2.0,1370.0,98112,7.299270072992701
2012,1,1.0,889.0,98121,11.24859392575928
2013,4,2.0,2140.0,98199,4.672897196261682
2014,2,2.0,795.0,98103,12.578616352201259
2015,3,2.0,1710.0,98133,5.847953216374269
